adoptopenjdk-8.0.162+12.openj9-0.8.0	OpenJDK8-OPENJ9_x64_Linux_jdk8u162-b12_openj9-0.8.0.tar.gz	https://github.com/AdoptOpenJDK/openjdk8-openj9-releases/releases/download/jdk8u162-b12_openj9-0.8.0/OpenJDK8-OPENJ9_x64_Linux_jdk8u162-b12_openj9-0.8.0.tar.gz	4a90944fbe96cb6452391e952cc7c9b5136fb042a445eb205e31a029fd72fd7c
adoptopenjdk-8.0.181+13	OpenJDK8U-jdk_x64_linux_hotspot_8u181b13.tar.gz	https://github.com/AdoptOpenJDK/openjdk8-binaries/releases/download/jdk8u181-b13/OpenJDK8U-jdk_x64_linux_hotspot_8u181b13.tar.gz	7cac51df1a976a376e9acd6d053c96ce0fe54db24e5d7079c303d09c416270a2
adoptopenjdk-8.0.181+13.openj9-0.9.0	OpenJDK8-OPENJ9_x64_Linux_jdk8u181-b13_openj9-0.9.0.tar.gz	https://github.com/AdoptOpenJDK/openjdk8-openj9-releases/releases/download/jdk8u181-b13_openj9-0.9.0/OpenJDK8-OPENJ9_x64_Linux_jdk8u181-b13_openj9-0.9.0.tar.gz	c90fa5826c2d4898d70a24239cd958f0a4e1afb07ef578da2fb5969637bfa22f
adoptopenjdk-8.0.192+12	OpenJDK8U-jdk_x64_linux_hotspot_8u192b12.tar.gz	https://github.com/AdoptOpenJDK/openjdk8-binaries/releases/download/jdk8u192-b12/OpenJDK8U-jdk_x64_linux_hotspot_8u192b12.tar.gz	19c91906c220c8eac38179fb661a810c451779a65b8be530c1d98e15b6bb2673
adoptopenjdk-8.0.192+12.OpenJDK8U-jdk_x64_linux_openj9_8u192b12.tar.gz	OpenJDK8U-jdk_x64_linux_openj9_8u192b12.tar.gz	https://github.com/AdoptOpenJDK/openjdk8-binaries/releases/download/jdk8u192-b12/OpenJDK8U-jdk_x64_linux_openj9_8u192b12.tar.gz	23f7f99c051b45366f0d91a94f8d5465f01bfccdc78f6d62222b1f338e6663eb
adoptopenjdk-8.0.192+12.openj9-0.11.0	OpenJDK8U-jdk_x64_linux_openj9_8u192b12_openj9-0.11.0.tar.gz	https://github.com/AdoptOpenJDK/openjdk8-binaries/releases/download/jdk8u192-b12_openj9-0.11.0/OpenJDK8U-jdk_x64_linux_openj9_8u192b12_openj9-0.11.0.tar.gz	fd7035c60ad3060fccf7ab67c15b722302a1863ebddd3141dc3dd98bd0b25a68
adoptopenjdk-8.0.202+8	OpenJDK8U-jdk_x64_linux_hotspot_8u202b08.tar.gz	https://github.com/AdoptOpenJDK/openjdk8-binaries/releases/download/jdk8u202-b08/OpenJDK8U-jdk_x64_linux_hotspot_8u202b08.tar.gz	f5a1c9836beb3ca933ec3b1d39568ecbb68bd7e7ca6a9989a21ff16a74d910ab
adoptopenjdk-8.0.202+8.openj9-0.12.0	OpenJDK8U-jdk_x64_linux_openj9_8u202b08_openj9-0.12.0.tar.gz	https://github.com/AdoptOpenJDK/openjdk8-binaries/releases/download/jdk8u202-b08/OpenJDK8U-jdk_x64_linux_openj9_8u202b08_openj9-0.12.0.tar.gz	533dcd8d9ca15df231a1eb392fa713a66bca85a8e76d9b4ee30975f3823636b7
adoptopenjdk-8.0.202+8.openj9-0.12.1	OpenJDK8U-jdk_x64_linux_openj9_8u202b08_openj9-0.12.1.tar.gz	https://github.com/AdoptOpenJDK/openjdk8-binaries/releases/download/jdk8u202-b08_openj9-0.12.1/OpenJDK8U-jdk_x64_linux_openj9_8u202b08_openj9-0.12.1.tar.gz	cdfa82fc46a70f054f2821d7cb2b7c30be2a6c0e0b7c4bbbee357fca1fbee740
adoptopenjdk-8.0.212+3	OpenJDK8U-jdk_x64_linux_hotspot_8u212b03.tar.gz	https://github.com/AdoptOpenJDK/openjdk8-binaries/releases/download/jdk8u212-b03/OpenJDK8U-jdk_x64_linux_hotspot_8u212b03.tar.gz	dd28d6d2cde2b931caf94ac2422a2ad082ea62f0beee3bf7057317c53093de93
adoptopenjdk-8.0.212+3.openj9-0.14.0	OpenJDK8U-jdk_x64_linux_openj9_8u212b03_openj9-0.14.0.tar.gz	https://github.com/AdoptOpenJDK/openjdk8-binaries/releases/download/jdk8u212-b03_openj9-0.14.0/OpenJDK8U-jdk_x64_linux_openj9_8u212b03_openj9-0.14.0.tar.gz	4aa8fdb3916816788c516423236bef68a05a694cbd44fa14c4f8f5b76891aa4c
adoptopenjdk-8.0.212+4	OpenJDK8U-jdk_x64_linux_hotspot_8u212b04.tar.gz	https://github.com/AdoptOpenJDK/openjdk8-binaries/releases/download/jdk8u212-b04/OpenJDK8U-jdk_x64_linux_hotspot_8u212b04.tar.gz	09f6ccbfd8a86e52665b56751403fd4e2513ad071e2b3f36bab73f86273d1ead
adoptopenjdk-8.0.212+4.openj9-0.14.2	OpenJDK8U-jdk_x64_linux_openj9_8u212b04_openj9-0.14.2.tar.gz	https://github.com/AdoptOpenJDK/openjdk8-binaries/releases/download/jdk8u212-b04_openj9-0.14.2/OpenJDK8U-jdk_x64_linux_openj9_8u212b04_openj9-0.14.2.tar.gz	8d93aa609c5ffcd781ccdbb61a1fa445db7ef923c9deca52a85887f5f9605a72
adoptopenjdk-8.0.222+10.1	OpenJDK8U-jdk_x64_linux_hotspot_8u222b10.tar.gz	https://github.com/AdoptOpenJDK/openjdk8-binaries/releases/download/jdk8u222-b10/OpenJDK8U-jdk_x64_linux_hotspot_8u222b10.tar.gz	37356281345b93feb4212e6267109b4409b55b06f107619dde4960e402bafa77
adoptopenjdk-8.0.222+10.1.openj9-0.15.1	OpenJDK8U-jdk_x64_linux_openj9_8u222b10_openj9-0.15.1.tar.gz	https://github.com/AdoptOpenJDK/openjdk8-binaries/releases/download/jdk8u222-b10_openj9-0.15.1/OpenJDK8U-jdk_x64_linux_openj9_8u222b10_openj9-0.15.1.tar.gz	20cff719c6de43f8bb58c7f59e251da7c1fa2207897c9a4768c8c669716dc819
adoptopenjdk-8.0.232+9.1	OpenJDK8U-jdk_x64_linux_hotspot_8u232b09.tar.gz	https://github.com/AdoptOpenJDK/openjdk8-binaries/releases/download/jdk8u232-b09/OpenJDK8U-jdk_x64_linux_hotspot_8u232b09.tar.gz	7b7884f2eb2ba2d47f4c0bf3bb1a2a95b73a3a7734bd47ebf9798483a7bcc423
adoptopenjdk-8.0.232+9.1.openj9-0.17.0	OpenJDK8U-jdk_x64_linux_openj9_8u232b09_openj9-0.17.0.tar.gz	https://github.com/AdoptOpenJDK/openjdk8-binaries/releases/download/jdk8u232-b09_openj9-0.17.0/OpenJDK8U-jdk_x64_linux_openj9_8u232b09_openj9-0.17.0.tar.gz	abea758c7e102f3c4a3be8757ee0ce039a70e2d498c160400dfb83c6f7004dbf
adoptopenjdk-8.0.242+8.1	OpenJDK8U-jdk_x64_linux_hotspot_8u242b08.tar.gz	https://github.com/AdoptOpenJDK/openjdk8-binaries/releases/download/jdk8u242-b08/OpenJDK8U-jdk_x64_linux_hotspot_8u242b08.tar.gz	f39b523c724d0e0047d238eb2bb17a9565a60574cf651206c867ee5fc000ab43
adoptopenjdk-8.0.242+8.1.openj9-0.18.1	OpenJDK8U-jdk_x64_linux_openj9_8u242b08_openj9-0.18.1.tar.gz	https://github.com/AdoptOpenJDK/openjdk8-binaries/releases/download/jdk8u242-b08_openj9-0.18.1/OpenJDK8U-jdk_x64_linux_openj9_8u242b08_openj9-0.18.1.tar.gz	ca785af638b24f9d4df896f5a9f557cc9f1e5fa5e2b1174d6b906e3fd5474c2e
adoptopenjdk-8.0.252+9.1	OpenJDK8U-jdk_x64_linux_hotspot_8u252b09.tar.gz	https://github.com/AdoptOpenJDK/openjdk8-binaries/releases/download/jdk8u252-b09/OpenJDK8U-jdk_x64_linux_hotspot_8u252b09.tar.gz	2b59b5282ff32bce7abba8ad6b9fde34c15a98f949ad8ae43e789bbd78fc8862
adoptopenjdk-8.0.252+9.1.openj9-0.20.0	OpenJDK8U-jdk_x64_linux_openj9_8u252b09_openj9-0.20.0.tar.gz	https://github.com/AdoptOpenJDK/openjdk8-binaries/releases/download/jdk8u252-b09_openj9-0.20.0/OpenJDK8U-jdk_x64_linux_openj9_8u252b09_openj9-0.20.0.tar.gz	910ae847109a6dd1b6cf69baa7615ea2cce8cff787e5a9349a5331ce7604f3a5
adoptopenjdk-9.0.0+181	OpenJDK9U-jdk_x64_linux_hotspot_9_181.tar.gz	https://github.com/AdoptOpenJDK/openjdk9-binaries/releases/download/jdk-9%2B181/OpenJDK9U-jdk_x64_linux_hotspot_9_181.tar.gz	ebe1eaad73584f70ab4e587ab9367fb15af820745979e68350fe80fadf615df8
adoptopenjdk-9.0.4+11	OpenJDK9U-jdk_x64_linux_hotspot_9.0.4_11.tar.gz	https://github.com/AdoptOpenJDK/openjdk9-binaries/releases/download/jdk-9.0.4%2B11/OpenJDK9U-jdk_x64_linux_hotspot_9.0.4_11.tar.gz	aa4fc8bda11741facaf3b8537258a4497c6e0046b9f4931e31f713d183b951f1
adoptopenjdk-9.0.4+12.openj9-0.9.0	OpenJDK9-OPENJ9_x64_Linux_jdk-9.0.4.12_openj9-0.9.0.tar.gz	https://github.com/AdoptOpenJDK/openjdk9-openj9-releases/releases/download/jdk-9.0.4%2B12_openj9-0.9.0/OpenJDK9-OPENJ9_x64_Linux_jdk-9.0.4.12_openj9-0.9.0.tar.gz	d5bb41b7ed4fc1a6aba0914718aff4abec42acf18c776b7641efcbbb761e6e6b
adoptopenjdk-10.0.2+13.1	OpenJDK10U-jdk_x64_linux_hotspot_10.0.2_13.tar.gz	https://github.com/AdoptOpenJDK/openjdk10-binaries/releases/download/jdk-10.0.2%2B13.1/OpenJDK10U-jdk_x64_linux_hotspot_10.0.2_13.tar.gz	3998c36c7feb4bb7a565b3d33609ec67acd40f1ae5addf103378f2ef32ab377f
adoptopenjdk-10.0.2+13.openj9-0.9.0	OpenJDK10-OPENJ9_x64_Linux_jdk-10.0.2.13_openj9-0.9.0.tar.gz	https://github.com/AdoptOpenJDK/openjdk10-openj9-releases/releases/download/jdk-10.0.2%2B13_openj9-0.9.0/OpenJDK10-OPENJ9_x64_Linux_jdk-10.0.2.13_openj9-0.9.0.tar.gz	1ef0dab3853b2f3666091854ef8149fcb85970254558d5d62cfa9446831779d1
adoptopenjdk-11.0.0+28	OpenJDK11-jdk_x64_linux_hotspot_11_28.tar.gz	https://github.com/AdoptOpenJDK/openjdk11-binaries/releases/download/jdk-11%2B28/OpenJDK11-jdk_x64_linux_hotspot_11_28.tar.gz	e1e18fc9ce2917473da3e0acb5a771bc651f600c0195a3cb40ef6f22f21660af
adoptopenjdk-11.0.0+28.OpenJDK11-jdk_x64_linux_openj9_11_28.tar.gz	OpenJDK11-jdk_x64_linux_openj9_11_28.tar.gz	https://github.com/AdoptOpenJDK/openjdk11-binaries/releases/download/jdk-11%2B28/OpenJDK11-jdk_x64_linux_openj9_11_28.tar.gz	fd77f22eb74078bcf974415abd888296284d2ceb81dbaca6ff32f59416ebc57f
adoptopenjdk-11.0.1+13	OpenJDK11U-jdk_x64_linux_hotspot_11.0.1_13.tar.gz	https://github.com/AdoptOpenJDK/openjdk11-binaries/releases/download/jdk-11.0.1%2B13/OpenJDK11U-jdk_x64_linux_hotspot_11.0.1_13.tar.gz	22bd2f1a2e0cb6e4075967bfeda4a960b0325879305aa739a0ba2d6e5cd4c3e2
adoptopenjdk-11.0.1+13.openj9-0.11.0	OpenJDK11U-jdk_x64_linux_openj9_jdk-11.0.1_13_openj9-0.11.0_11.0.1_13.tar.gz	https://github.com/AdoptOpenJDK/openjdk11-binaries/releases/download/jdk-11.0.1%2B13/OpenJDK11U-jdk_x64_linux_openj9_jdk-11.0.1_13_openj9-0.11.0_11.0.1_13.tar.gz	ef9bf07cba79082285a9d426ea4eb3e8df57561ce2afe07cc5f299a8fa203279
adoptopenjdk-11.0.1+13.openj9-0.11.0	OpenJDK11U-jdk_x64_linux_openj9_linuxXL-jdk-11.0.1_13_openj9-0.11.0_11.0.1_13.tar.gz	https://github.com/AdoptOpenJDK/openjdk11-binaries/releases/download/jdk-11.0.1%2B13/OpenJDK11U-jdk_x64_linux_openj9_linuxXL-jdk-11.0.1_13_openj9-0.11.0_11.0.1_13.tar.gz	cac1fe096ea161613d5afe8a04ce3294dc1b535f5f4ea1a4235ce425b2610678
adoptopenjdk-11.0.2+7	OpenJDK11U-jdk_x64_linux_hotspot_11.0.2_7.tar.gz	https://github.com/AdoptOpenJDK/openjdk11-binaries/releases/download/jdk-11.0.2%2B7/OpenJDK11U-jdk_x64_linux_hotspot_11.0.2_7.tar.gz	d89304a971e5186e80b6a48a9415e49583b7a5a9315ba5552d373be7782fc528
adoptopenjdk-11.0.2+9	OpenJDK11U-jdk_x64_linux_hotspot_11.0.2_9.tar.gz	https://github.com/AdoptOpenJDK/openjdk11-binaries/releases/download/jdk-11.0.2%2B9/OpenJDK11U-jdk_x64_linux_hotspot_11.0.2_9.tar.gz	d02089d834f7702ac1a9776d8d0d13ee174d0656cf036c6b68b9ffb71a6f610e
adoptopenjdk-11.0.2+9.openj9-0.12.0	OpenJDK11U-jdk_x64_linux_openj9_11.0.2_9_openj9-0.12.0.tar.gz	https://github.com/AdoptOpenJDK/openjdk11-binaries/releases/download/jdk-11.0.2%2B9/OpenJDK11U-jdk_x64_linux_openj9_11.0.2_9_openj9-0.12.0.tar.gz	02de51ebe86897081f7998dd2f256e33fb8b15c70cf26715020795326cc50511
adoptopenjdk-11.0.2+9.openj9-0.12.1	OpenJDK11U-jdk_x64_linux_openj9_11.0.2_9_openj9-0.12.1_openj9-0.12.1.tar.gz	https://github.com/AdoptOpenJDK/openjdk11-binaries/releases/download/jdk-11.0.2%2B9_openj9-0.12.1/OpenJDK11U-jdk_x64_linux_openj9_11.0.2_9_openj9-0.12.1_openj9-0.12.1.tar.gz	a9b298391dc0baf49e935683fb13b1b18ef5fd5b1d0e1a1318c8e425ffdbcbcd
adoptopenjdk-11.0.3+7	OpenJDK11U-jdk_x64_linux_hotspot_11.0.3_7.tar.gz	https://github.com/AdoptOpenJDK/openjdk11-binaries/releases/download/jdk-11.0.3%2B7/OpenJDK11U-jdk_x64_linux_hotspot_11.0.3_7.tar.gz	23cded2b43261016f0f246c85c8948d4a9b7f2d44988f75dad69723a7a526094
adoptopenjdk-11.0.3+7.openj9-0.14.0	OpenJDK11U-jdk_x64_linux_openj9_11.0.3_7_openj9-0.14.0.tar.gz	https://github.com/AdoptOpenJDK/openjdk11-binaries/releases/download/jdk-11.0.3%2B7_openj9-0.14.0/OpenJDK11U-jdk_x64_linux_openj9_11.0.3_7_openj9-0.14.0.tar.gz	7012edd56fc958070bc4747073de14ea08eb43081eb6ea19bdbf4763186e2d17
adoptopenjdk-11.0.3+7.openj9-0.14.3	OpenJDK11U-jdk_x64_linux_openj9_11.0.3_7_openj9-0.14.3.tar.gz	https://github.com/AdoptOpenJDK/openjdk11-binaries/releases/download/jdk-11.0.3%2B7_openj9-0.14.3/OpenJDK11U-jdk_x64_linux_openj9_11.0.3_7_openj9-0.14.3.tar.gz	bb8396b3fbaa160bf2173eadbc83cce50bcd5a0879dc24b4122efb7411370d12
adoptopenjdk-11.0.4+11.1	OpenJDK11U-jdk_x64_linux_hotspot_11.0.4_11.tar.gz	https://github.com/AdoptOpenJDK/openjdk11-binaries/releases/download/jdk-11.0.4%2B11/OpenJDK11U-jdk_x64_linux_hotspot_11.0.4_11.tar.gz	90c33cf3f2ed0bd773f648815de7347e69cfbb3416ef3bf41616ab1c4aa0f5a8
adoptopenjdk-11.0.4+11.1.openj9-0.15.1	OpenJDK11U-jdk_x64_linux_openj9_11.0.4_11_openj9-0.15.1.tar.gz	https://github.com/AdoptOpenJDK/openjdk11-binaries/releases/download/jdk-11.0.4%2B11_openj9-0.15.1/OpenJDK11U-jdk_x64_linux_openj9_11.0.4_11_openj9-0.15.1.tar.gz	b1099cccc80a3f434728c9bc3b8a90395793b625f4680ca05267cf635143d64d
adoptopenjdk-11.0.5+10.1	OpenJDK11U-jdk_x64_linux_hotspot_11.0.5_10.tar.gz	https://github.com/AdoptOpenJDK/openjdk11-binaries/releases/download/jdk-11.0.5%2B10/OpenJDK11U-jdk_x64_linux_hotspot_11.0.5_10.tar.gz	6dd0c9c8a740e6c19149e98034fba8e368fd9aa16ab417aa636854d40db1a161
adoptopenjdk-11.0.5+10.1.openj9-0.17.0	OpenJDK11U-jdk_x64_linux_openj9_11.0.5_10_openj9-0.17.0.tar.gz	https://github.com/AdoptOpenJDK/openjdk11-binaries/releases/download/jdk-11.0.5%2B10_openj9-0.17.0/OpenJDK11U-jdk_x64_linux_openj9_11.0.5_10_openj9-0.17.0.tar.gz	6ead0515aecb24c6a8f5f3800a070b7d20a66c8f26cba5dad137824da590a532
adoptopenjdk-11.0.6+10.1	OpenJDK11U-jdk_x64_linux_hotspot_11.0.6_10.tar.gz	https://github.com/AdoptOpenJDK/openjdk11-binaries/releases/download/jdk-11.0.6%2B10/OpenJDK11U-jdk_x64_linux_hotspot_11.0.6_10.tar.gz	330d19a2eaa07ed02757d7a785a77bab49f5ee710ea03b4ee2fa220ddd0feffc
adoptopenjdk-11.0.6+10.1.openj9-0.18.0	OpenJDK11U-jdk_x64_linux_openj9_11.0.6_10_openj9-0.18.0.tar.gz	https://github.com/AdoptOpenJDK/openjdk11-binaries/releases/download/jdk-11.0.6%2B10_openj9-0.18.0/OpenJDK11U-jdk_x64_linux_openj9_11.0.6_10_openj9-0.18.0.tar.gz	e9b36d476dc9da8797bad6497e96f30c85ff6880e930a2ab31e34fbba87d0498
adoptopenjdk-11.0.6+10.1.openj9-0.18.1	OpenJDK11U-jdk_x64_linux_openj9_11.0.6_10_openj9-0.18.1.tar.gz	https://github.com/AdoptOpenJDK/openjdk11-binaries/releases/download/jdk-11.0.6%2B10_openj9-0.18.1/OpenJDK11U-jdk_x64_linux_openj9_11.0.6_10_openj9-0.18.1.tar.gz	1530172ee98edd129954fcdca1bf725f7b30c8bfc3cdc381c88de96b7d19e690
adoptopenjdk-11.0.7+10.1	OpenJDK11U-jdk_x64_linux_hotspot_11.0.7_10.tar.gz	https://github.com/AdoptOpenJDK/openjdk11-binaries/releases/download/jdk-11.0.7%2B10/OpenJDK11U-jdk_x64_linux_hotspot_11.0.7_10.tar.gz	ee60304d782c9d5654bf1a6b3f38c683921c1711045e1db94525a51b7024a2ca
adoptopenjdk-11.0.7+10.1.openj9-0.20.0	OpenJDK11U-jdk_x64_linux_openj9_11.0.7_10_openj9-0.20.0.tar.gz	https://github.com/AdoptOpenJDK/openjdk11-binaries/releases/download/jdk-11.0.7%2B10_openj9-0.20.0/OpenJDK11U-jdk_x64_linux_openj9_11.0.7_10_openj9-0.20.0.tar.gz	526e89f3014fec473b24c10c2464c1343e23703114983fd171b68b1599bba561
adoptopenjdk-12.0.0+33	OpenJDK12U-jdk_x64_linux_hotspot_12_33.tar.gz	https://github.com/AdoptOpenJDK/openjdk12-binaries/releases/download/jdk-12%2B33/OpenJDK12U-jdk_x64_linux_hotspot_12_33.tar.gz	4739064dc439a05487744cce0ba951cb544ed5e796f6c699646e16c09da5dd6a
adoptopenjdk-12.0.0+33.openj9-0.13.0	OpenJDK12U-jdk_x64_linux_openj9_12_33_openj9-0.13.0.tar.gz	https://github.com/AdoptOpenJDK/openjdk12-binaries/releases/download/jdk-12%2B33_openj9-0.13.0/OpenJDK12U-jdk_x64_linux_openj9_12_33_openj9-0.13.0.tar.gz	d61a7a211b314aab9d79bc003b8ce86d5651e705912a24e369a44ae5206afed5
adoptopenjdk-12.0.1+12	OpenJDK12U-jdk_x64_linux_hotspot_12.0.1_12.tar.gz	https://github.com/AdoptOpenJDK/openjdk12-binaries/releases/download/jdk-12.0.1%2B12/OpenJDK12U-jdk_x64_linux_hotspot_12.0.1_12.tar.gz	dd3fdf3771a05a010029c1cf1aef516928eab55d6f5eb019008875e9ccbc8337
adoptopenjdk-12.0.1+12.openj9-0.14.1	OpenJDK12U-jdk_x64_linux_openj9_12.0.1_12_openj9-0.14.1.tar.gz	https://github.com/AdoptOpenJDK/openjdk12-binaries/releases/download/jdk-12.0.1%2B12_openj9-0.14.1/OpenJDK12U-jdk_x64_linux_openj9_12.0.1_12_openj9-0.14.1.tar.gz	78091b44f3e2350888f0c73c9eb8f98dbc6fcb55b04692b067070c02bfeb4ec1
adoptopenjdk-12.0.2+10.1	OpenJDK12U-jdk_x64_linux_hotspot_12.0.2_10.tar.gz	https://github.com/AdoptOpenJDK/openjdk12-binaries/releases/download/jdk-12.0.2%2B10/OpenJDK12U-jdk_x64_linux_hotspot_12.0.2_10.tar.gz	1202f536984c28d68681d51207a84b6c76e5998579132d3fe1b8085aa6a5f21e
adoptopenjdk-12.0.2+10.1.openj9-0.15.1	OpenJDK12U-jdk_x64_linux_openj9_12.0.2_10_openj9-0.15.1.tar.gz	https://github.com/AdoptOpenJDK/openjdk12-binaries/releases/download/jdk-12.0.2%2B10_openj9-0.15.1/OpenJDK12U-jdk_x64_linux_openj9_12.0.2_10_openj9-0.15.1.tar.gz	e2f6f021560ddf217c60980ac147856e5b36f0ab0a0fd70091800d6042136229
adoptopenjdk-13.0.0+33.1	OpenJDK13U-jdk_x64_linux_hotspot_13_33.tar.gz	https://github.com/AdoptOpenJDK/openjdk13-binaries/releases/download/jdk-13%2B33/OpenJDK13U-jdk_x64_linux_hotspot_13_33.tar.gz	e562caeffa89c834a69a44242d802eae3523875e427f07c05b1902c152638368
adoptopenjdk-13.0.0+33.1.openj9-0.16.0	OpenJDK13U-jdk_x64_linux_openj9_13_33_openj9-0.16.0.tar.gz	https://github.com/AdoptOpenJDK/openjdk13-binaries/releases/download/jdk-13%2B33_openj9-0.16.0/OpenJDK13U-jdk_x64_linux_openj9_13_33_openj9-0.16.0.tar.gz	68ebab0021c719694be8fc868478725a69c5c515cdb62e2933eefe87ba6437df
adoptopenjdk-13.0.1+9.1	OpenJDK13U-jdk_x64_linux_hotspot_13.0.1_9.tar.gz	https://github.com/AdoptOpenJDK/openjdk13-binaries/releases/download/jdk-13.0.1%2B9/OpenJDK13U-jdk_x64_linux_hotspot_13.0.1_9.tar.gz	2226366d7dffb3eb4ec3d14101f4ddb4259195aa43bb319a93810447b8384930
adoptopenjdk-13.0.1+9.1.openj9-0.17.0	OpenJDK13U-jdk_x64_linux_openj9_13.0.1_9_openj9-0.17.0.tar.gz	https://github.com/AdoptOpenJDK/openjdk13-binaries/releases/download/jdk-13.0.1%2B9_openj9-0.17.0/OpenJDK13U-jdk_x64_linux_openj9_13.0.1_9_openj9-0.17.0.tar.gz	13f0d693d9888dc7893a34996a9f64aef6d6c0a2b8442f9aa17973f2c1d1bf8b
adoptopenjdk-13.0.2+8.1	OpenJDK13U-jdk_x64_linux_hotspot_13.0.2_8.tar.gz	https://github.com/AdoptOpenJDK/openjdk13-binaries/releases/download/jdk-13.0.2%2B8/OpenJDK13U-jdk_x64_linux_hotspot_13.0.2_8.tar.gz	9ccc063569f19899fd08e41466f8c4cd4e05058abdb5178fa374cb365dcf5998
adoptopenjdk-13.0.2+8.1.openj9-0.18.0	OpenJDK13U-jdk_x64_linux_openj9_13.0.2_8_openj9-0.18.0.tar.gz	https://github.com/AdoptOpenJDK/openjdk13-binaries/releases/download/jdk-13.0.2%2B8_openj9-0.18.0/OpenJDK13U-jdk_x64_linux_openj9_13.0.2_8_openj9-0.18.0.tar.gz	aeecf6d30d0c847db81d07793cf97e5dc44890c29366d7d9f8f9f397f6c52590
adoptopenjdk-14.0.0+36.1	OpenJDK14U-jdk_x64_linux_hotspot_14_36.tar.gz	https://github.com/AdoptOpenJDK/openjdk14-binaries/releases/download/jdk-14%2B36/OpenJDK14U-jdk_x64_linux_hotspot_14_36.tar.gz	6c06853332585ab58834d9e8a02774b388e6e062ef6c4084b4f058c67f2e81b5
adoptopenjdk-14.0.0+36.1.openj9-0.19.0	OpenJDK14U-jdk_x64_linux_openj9_14_36_openj9-0.19.0.tar.gz	https://github.com/AdoptOpenJDK/openjdk14-binaries/releases/download/jdk-14%2B36.1_openj9-0.19.0/OpenJDK14U-jdk_x64_linux_openj9_14_36_openj9-0.19.0.tar.gz	106b72d565be98834ead5fea9555bd646d488a86fc4ae4dd294a38e97bf77509
adoptopenjdk-14.0.0+36.1.openj9-0.19.0	OpenJDK14-jdk_x64_linux_openj9_14_36_openj9-0.19.0.tar.gz	https://github.com/AdoptOpenJDK/openjdk14-binaries/releases/download/jdk-14%2B36_openj9-0.19.0/OpenJDK14-jdk_x64_linux_openj9_14_36_openj9-0.19.0.tar.gz	e5536df914af2a36f3612658827a3ed9fa041ea747ae9ea48c7c91da218dbc6a
adoptopenjdk-14.0.1+7.1	OpenJDK14U-jdk_x64_linux_hotspot_14.0.1_7.tar.gz	https://github.com/AdoptOpenJDK/openjdk14-binaries/releases/download/jdk-14.0.1%2B7/OpenJDK14U-jdk_x64_linux_hotspot_14.0.1_7.tar.gz	9ddf9b35996fbd784a53fff3e0d59920a7d5acf1a82d4c8d70906957ac146cd1
adoptopenjdk-14.0.1+7.1.openj9-0.20.0	OpenJDK14U-jdk_x64_linux_openj9_14.0.1_7_openj9-0.20.0.tar.gz	https://github.com/AdoptOpenJDK/openjdk14-binaries/releases/download/jdk-14.0.1%2B7_openj9-0.20.0/OpenJDK14U-jdk_x64_linux_openj9_14.0.1_7_openj9-0.20.0.tar.gz	2350592f4b0db1439fdd48d4fa7e05b270f271dcc79b2c7f174489ee2f6b14c1
adoptopenjdk-large_heap-8.0.181+13.openj9-0.9.0	OpenJDK8-OPENJ9_x64_LinuxLH_jdk8u181-b13_openj9-0.9.0.tar.gz	https://github.com/AdoptOpenJDK/openjdk8-openj9-releases/releases/download/jdk8u181-b13_openj9-0.9.0/OpenJDK8-OPENJ9_x64_LinuxLH_jdk8u181-b13_openj9-0.9.0.tar.gz	aa478944bb9b93a03c4f8ffd97054e1b9b5a4f09cb35c310b58de816dc7ddcf2
adoptopenjdk-large_heap-8.0.192+12.OpenJDK8U-jdk_x64_linux_openj9_linuxXL_8u192b12.tar.gz	OpenJDK8U-jdk_x64_linux_openj9_linuxXL_8u192b12.tar.gz	https://github.com/AdoptOpenJDK/openjdk8-binaries/releases/download/jdk8u192-b12/OpenJDK8U-jdk_x64_linux_openj9_linuxXL_8u192b12.tar.gz	c83d91ec161e4781839a397aec27ce7edcd69e5840957a1baaf94398ad86e90b
adoptopenjdk-large_heap-8.0.192+12.openj9-0.11.0	OpenJDK8U-jdk_x64_linux_openj9_linuxXL_8u192b12_openj9-0.11.0.tar.gz	https://github.com/AdoptOpenJDK/openjdk8-binaries/releases/download/jdk8u192-b12_openj9-0.11.0/OpenJDK8U-jdk_x64_linux_openj9_linuxXL_8u192b12_openj9-0.11.0.tar.gz	f0bc82fa49a2a02e881d403170cd8b273fc3d1585a4e65ff639666f056ce7362
adoptopenjdk-large_heap-8.0.202+8.openj9-0.12.0	OpenJDK8U-jdk_x64_linux_openj9_linuxXL_8u202b08-openj9-0.12.0.tar.gz	https://github.com/AdoptOpenJDK/openjdk8-binaries/releases/download/jdk8u202-b08/OpenJDK8U-jdk_x64_linux_openj9_linuxXL_8u202b08-openj9-0.12.0.tar.gz	77c44bf76e16f8a5ef2470bc71503cab9a8913315a76d5061bb5fb63c02d07b1
adoptopenjdk-large_heap-8.0.202+8.openj9-0.12.1	OpenJDK8U-jdk_x64_linux_openj9_linuxXL_8u202b08-openj9-0.12.1a.tar.gz	https://github.com/AdoptOpenJDK/openjdk8-binaries/releases/download/jdk8u202-b08_openj9-0.12.1/OpenJDK8U-jdk_x64_linux_openj9_linuxXL_8u202b08-openj9-0.12.1a.tar.gz	ce98cfae84b6479c72f948032fe10ba33c44d5244e9ac7d9c17498e8dc3d0441
adoptopenjdk-large_heap-8.0.202+8.openj9-0.12.1	OpenJDK8U-jdk_x64_linux_openj9_linuxXL_8u202b08-openj9-0.12.1.tar.gz	https://github.com/AdoptOpenJDK/openjdk8-binaries/releases/download/jdk8u202-b08_openj9-0.12.1/OpenJDK8U-jdk_x64_linux_openj9_linuxXL_8u202b08-openj9-0.12.1.tar.gz	a50f2e099b08f2bd69e46bb7ab7964ec04a54b9814fa6a934da525501ef39220
adoptopenjdk-large_heap-8.0.212+3.openj9-0.14.0	OpenJDK8U-jdk_x64_linux_openj9_linuxXL_8u212b03_openj9-0.14.0.tar.gz	https://github.com/AdoptOpenJDK/openjdk8-binaries/releases/download/jdk8u212-b03_openj9-0.14.0/OpenJDK8U-jdk_x64_linux_openj9_linuxXL_8u212b03_openj9-0.14.0.tar.gz	cf1a9701e192656923b27c1adeb8903b92c69ee735f38316cef5a9e90899af92
adoptopenjdk-large_heap-8.0.212+4.openj9-0.14.2	OpenJDK8U-jdk_x64_linux_openj9_linuxXL_8u212b04_openj9-0.14.2.tar.gz	https://github.com/AdoptOpenJDK/openjdk8-binaries/releases/download/jdk8u212-b04_openj9-0.14.2/OpenJDK8U-jdk_x64_linux_openj9_linuxXL_8u212b04_openj9-0.14.2.tar.gz	a2efa348e49439ba560271dfe66117d2bbad715679385229ca8c67bda7fee537
adoptopenjdk-large_heap-8.0.222+10.1.openj9-0.15.1	OpenJDK8U-jdk_x64_linux_openj9_linuxXL_8u222b10_openj9-0.15.1.tar.gz	https://github.com/AdoptOpenJDK/openjdk8-binaries/releases/download/jdk8u222-b10_openj9-0.15.1/OpenJDK8U-jdk_x64_linux_openj9_linuxXL_8u222b10_openj9-0.15.1.tar.gz	a521ef50dea4ad3bf2df9b4a33a3f90052c30128560b10fc3c7c88c3b538c87e
adoptopenjdk-large_heap-8.0.232+9.1.openj9-0.17.0	OpenJDK8U-jdk_x64_linux_openj9_linuxXL_8u232b09_openj9-0.17.0.tar.gz	https://github.com/AdoptOpenJDK/openjdk8-binaries/releases/download/jdk8u232-b09_openj9-0.17.0/OpenJDK8U-jdk_x64_linux_openj9_linuxXL_8u232b09_openj9-0.17.0.tar.gz	ef2746cbe1192b63dcdb4d078ba7804f10b4c1ea2d513ee339d2fba3ce7bd74a
adoptopenjdk-large_heap-8.0.242+8.1.openj9-0.18.1	OpenJDK8U-jdk_x64_linux_openj9_linuxXL_8u242b08_openj9-0.18.1.tar.gz	https://github.com/AdoptOpenJDK/openjdk8-binaries/releases/download/jdk8u242-b08_openj9-0.18.1/OpenJDK8U-jdk_x64_linux_openj9_linuxXL_8u242b08_openj9-0.18.1.tar.gz	6ee788d57f15cc8c326bb3468390d5e353cc1aac1925efa3f2992a93e2520d97
adoptopenjdk-large_heap-8.0.252+9.1.openj9-0.20.0	OpenJDK8U-jdk_x64_linux_openj9_linuxXL_8u252b09_openj9-0.20.0.tar.gz	https://github.com/AdoptOpenJDK/openjdk8-binaries/releases/download/jdk8u252-b09_openj9-0.20.0/OpenJDK8U-jdk_x64_linux_openj9_linuxXL_8u252b09_openj9-0.20.0.tar.gz	3abd066824c1083d2ac7aabd6456ebc120d3b8e214980d96f2c8212e322e08c6
adoptopenjdk-large_heap-11.0.0+28.OpenJDK11-jdk_x64_linux_openj9_linuxXL_11_28.tar.gz	OpenJDK11-jdk_x64_linux_openj9_linuxXL_11_28.tar.gz	https://github.com/AdoptOpenJDK/openjdk11-binaries/releases/download/jdk-11%2B28/OpenJDK11-jdk_x64_linux_openj9_linuxXL_11_28.tar.gz	c693342ffddb3e6107ac5e388a6d6d18e6da2c710d9c67224afdfa43813d0e05
adoptopenjdk-large_heap-11.0.2+9.openj9-0.12.0	OpenJDK11U-jdk_x64_linux_openj9_linuxXL_11.0.2_9-openj9-0.12.0.tar.gz	https://github.com/AdoptOpenJDK/openjdk11-binaries/releases/download/jdk-11.0.2%2B9/OpenJDK11U-jdk_x64_linux_openj9_linuxXL_11.0.2_9-openj9-0.12.0.tar.gz	7c1708106c03578603a71eec5cc8e45ab2d8d5753972303876043eeea27d2076
adoptopenjdk-large_heap-11.0.2+9.openj9-0.12.1	OpenJDK11U-jdk_x64_linux_openj9_linuxXL_11.0.2_9_openj9-0.12.1-openj9-0.12.1.tar.gz	https://github.com/AdoptOpenJDK/openjdk11-binaries/releases/download/jdk-11.0.2%2B9_openj9-0.12.1/OpenJDK11U-jdk_x64_linux_openj9_linuxXL_11.0.2_9_openj9-0.12.1-openj9-0.12.1.tar.gz	05dae3fe24511b56aae061c99cc4a25e4b0e78782468bf5e432afb7ee3c4e7bc
adoptopenjdk-large_heap-11.0.3+7.openj9-0.14.0	OpenJDK11U-jdk_x64_linux_openj9_linuxXL_11.0.3_7_openj9-0.14.0.tar.gz	https://github.com/AdoptOpenJDK/openjdk11-binaries/releases/download/jdk-11.0.3%2B7_openj9-0.14.0/OpenJDK11U-jdk_x64_linux_openj9_linuxXL_11.0.3_7_openj9-0.14.0.tar.gz	3b00b9c224f1fd32461ea73bd6e572808c63d318257bfd4c9d355a9df78fac7e
adoptopenjdk-large_heap-11.0.3+7.openj9-0.14.3	OpenJDK11U-jdk_x64_linux_openj9_linuxXL_11.0.3_7_openj9-0.14.3.tar.gz	https://github.com/AdoptOpenJDK/openjdk11-binaries/releases/download/jdk-11.0.3%2B7_openj9-0.14.3/OpenJDK11U-jdk_x64_linux_openj9_linuxXL_11.0.3_7_openj9-0.14.3.tar.gz	e656327540d6b2d012c0d18669d6cbb2750e07d5289d44bc8cf28eb4bb937cc0
adoptopenjdk-large_heap-11.0.4+11.1.openj9-0.15.1	OpenJDK11U-jdk_x64_linux_openj9_linuxXL_11.0.4_11_openj9-0.15.1.tar.gz	https://github.com/AdoptOpenJDK/openjdk11-binaries/releases/download/jdk-11.0.4%2B11_openj9-0.15.1/OpenJDK11U-jdk_x64_linux_openj9_linuxXL_11.0.4_11_openj9-0.15.1.tar.gz	bdcf87938c18f3b0c4e1bbd01edbaa995100432eb23d87db238e95bdb1f9496e
adoptopenjdk-large_heap-11.0.5+10.1.openj9-0.17.0	OpenJDK11U-jdk_x64_linux_openj9_linuxXL_11.0.5_10_openj9-0.17.0.tar.gz	https://github.com/AdoptOpenJDK/openjdk11-binaries/releases/download/jdk-11.0.5%2B10_openj9-0.17.0/OpenJDK11U-jdk_x64_linux_openj9_linuxXL_11.0.5_10_openj9-0.17.0.tar.gz	6535c074e2e80d7461441492a6c07c19decb129dc495e3c63d72201856b8eb81
adoptopenjdk-large_heap-11.0.6+10.1.openj9-0.18.0	OpenJDK11U-jdk_x64_linux_openj9_linuxXL_11.0.6_10_openj9-0.18.0.tar.gz	https://github.com/AdoptOpenJDK/openjdk11-binaries/releases/download/jdk-11.0.6%2B10_openj9-0.18.0/OpenJDK11U-jdk_x64_linux_openj9_linuxXL_11.0.6_10_openj9-0.18.0.tar.gz	16a020218f25d24bcacee816668bea8852792b16aae86977bc8212659f894ba5
adoptopenjdk-large_heap-11.0.6+10.1.openj9-0.18.1	OpenJDK11U-jdk_x64_linux_openj9_linuxXL_11.0.6_10_openj9-0.18.1.tar.gz	https://github.com/AdoptOpenJDK/openjdk11-binaries/releases/download/jdk-11.0.6%2B10_openj9-0.18.1/OpenJDK11U-jdk_x64_linux_openj9_linuxXL_11.0.6_10_openj9-0.18.1.tar.gz	6524d85d2ce334c955a4347015567326067ef15fe5f6a805714b25cace256f40
adoptopenjdk-large_heap-11.0.7+10.1.openj9-0.20.0	OpenJDK11U-jdk_x64_linux_openj9_linuxXL_11.0.7_10_openj9-0.20.0.tar.gz	https://github.com/AdoptOpenJDK/openjdk11-binaries/releases/download/jdk-11.0.7%2B10_openj9-0.20.0/OpenJDK11U-jdk_x64_linux_openj9_linuxXL_11.0.7_10_openj9-0.20.0.tar.gz	3c5690d7d9753ec3bb6cfc2172c255b11c27f52190e4026188561fdb598f185e
adoptopenjdk-large_heap-12.0.0+33.openj9-0.13.0	OpenJDK12U-jdk_x64_linux_openj9_linuxXL_12_33_openj9-0.13.0.tar.gz	https://github.com/AdoptOpenJDK/openjdk12-binaries/releases/download/jdk-12%2B33_openj9-0.13.0/OpenJDK12U-jdk_x64_linux_openj9_linuxXL_12_33_openj9-0.13.0.tar.gz	2aa705567b8fca07a9ac9b6ad870934e5657ef649c303c37b8383f7df4ca6e1f
adoptopenjdk-large_heap-12.0.1+12.openj9-0.14.1	OpenJDK12U-jdk_x64_linux_openj9_linuxXL_12.0.1_12_openj9-0.14.1.tar.gz	https://github.com/AdoptOpenJDK/openjdk12-binaries/releases/download/jdk-12.0.1%2B12_openj9-0.14.1/OpenJDK12U-jdk_x64_linux_openj9_linuxXL_12.0.1_12_openj9-0.14.1.tar.gz	ffb3c6a98ee4c8fd719bed04a5b8803aabdbc3cff5750af90f916a0baa315933
adoptopenjdk-large_heap-12.0.2+10.1.openj9-0.15.1	OpenJDK12U-jdk_x64_linux_openj9_linuxXL_12.0.2_10_openj9-0.15.1.tar.gz	https://github.com/AdoptOpenJDK/openjdk12-binaries/releases/download/jdk-12.0.2%2B10_openj9-0.15.1/OpenJDK12U-jdk_x64_linux_openj9_linuxXL_12.0.2_10_openj9-0.15.1.tar.gz	81d49d52a79e024bc86e82f6837c8fbc4744f42f4df753626004c69f090f1cb0
adoptopenjdk-large_heap-13.0.0+33.1.openj9-0.16.0	OpenJDK13U-jdk_x64_linux_openj9_linuxXL_13_33_openj9-0.16.0.tar.gz	https://github.com/AdoptOpenJDK/openjdk13-binaries/releases/download/jdk-13%2B33_openj9-0.16.0/OpenJDK13U-jdk_x64_linux_openj9_linuxXL_13_33_openj9-0.16.0.tar.gz	19c92136ab18c98e3947673fc20212f69ee32bc7b593ee938bb0c287f5eb9233
adoptopenjdk-large_heap-13.0.1+9.1.openj9-0.17.0	OpenJDK13U-jdk_x64_linux_openj9_linuxXL_13.0.1_9_openj9-0.17.0.tar.gz	https://github.com/AdoptOpenJDK/openjdk13-binaries/releases/download/jdk-13.0.1%2B9_openj9-0.17.0/OpenJDK13U-jdk_x64_linux_openj9_linuxXL_13.0.1_9_openj9-0.17.0.tar.gz	75ea4e50f5f028315fc2e1161cf97e1dd9f36028056cdd94a841ba9d321f1b85
adoptopenjdk-large_heap-13.0.2+8.1.openj9-0.18.0	OpenJDK13U-jdk_x64_linux_openj9_linuxXL_13.0.2_8_openj9-0.18.0.tar.gz	https://github.com/AdoptOpenJDK/openjdk13-binaries/releases/download/jdk-13.0.2%2B8_openj9-0.18.0/OpenJDK13U-jdk_x64_linux_openj9_linuxXL_13.0.2_8_openj9-0.18.0.tar.gz	16751b3951b808c4cb0b77d4df1a16f9bfff5b2dbc59919773e6386114e6d8d5
adoptopenjdk-large_heap-14.0.0+36.1.openj9-0.19.0	OpenJDK14U-jdk_x64_linux_openj9_linuxXL_14_36_openj9-0.19.0.tar.gz	https://github.com/AdoptOpenJDK/openjdk14-binaries/releases/download/jdk-14%2B36.1_openj9-0.19.0/OpenJDK14U-jdk_x64_linux_openj9_linuxXL_14_36_openj9-0.19.0.tar.gz	4ee13d0689ab7a38d6abb7dee974c3b189e36f1911a0cb61c882a38e61cc8b98
adoptopenjdk-large_heap-14.0.0+36.1.openj9-0.19.0	OpenJDK14-jdk_x64_linux_openj9_linuxXL_14_36_openj9-0.19.0.tar.gz	https://github.com/AdoptOpenJDK/openjdk14-binaries/releases/download/jdk-14%2B36_openj9-0.19.0/OpenJDK14-jdk_x64_linux_openj9_linuxXL_14_36_openj9-0.19.0.tar.gz	0321f471ff239bf27adf4ed2bf2a673cdf25c25a4672c3ee1bf470d6e45cd42d
adoptopenjdk-large_heap-14.0.1+7.1.openj9-0.20.0	OpenJDK14U-jdk_x64_linux_openj9_linuxXL_14.0.1_7_openj9-0.20.0.tar.gz	https://github.com/AdoptOpenJDK/openjdk14-binaries/releases/download/jdk-14.0.1%2B7_openj9-0.20.0/OpenJDK14U-jdk_x64_linux_openj9_linuxXL_14.0.1_7_openj9-0.20.0.tar.gz	c43a6766e820c214f43db2d03595e90ff8711a2f0965c9368bccb607d8d765fe
corretto-8.202.08.2	amazon-corretto-8.202.08.2-linux-x64.tar.gz	https://d3pxv6yz143wms.cloudfront.net/8.202.08.2/amazon-corretto-8.202.08.2-linux-x64.tar.gz	c19a928687479e1036ff1d6e023975402d2f027d9b3e4d64cfaf0c9f35bf9669
corretto-8.212.04.2	amazon-corretto-8.212.04.2-linux-x64.tar.gz	https://d3pxv6yz143wms.cloudfront.net/8.212.04.2/amazon-corretto-8.212.04.2-linux-x64.tar.gz	84241d523798c1df5b7c5e2e57615a8761b6eb8386eb87026895803319d3c5ce
corretto-8.222.10.1	amazon-corretto-8.222.10.1-linux-x64.tar.gz	https://d3pxv6yz143wms.cloudfront.net/8.222.10.1/amazon-corretto-8.222.10.1-linux-x64.tar.gz	293a5b6744558c5e7f520d4cfe27c89a053b8958d9dd3f32d1e95695ba29ab53
corretto-8.232.09.1	amazon-corretto-8.232.09.1-linux-x64.tar.gz	https://d3pxv6yz143wms.cloudfront.net/8.232.09.1/amazon-corretto-8.232.09.1-linux-x64.tar.gz	df70a9b988bd95b85326c56cb6d9cc57c0ef8b41d002ebaad55380b97e5623e8
corretto-8.242.07.1	amazon-corretto-8.242.07.1-linux-x64.tar.gz	https://corretto.aws/downloads/resources/8.242.07.1/amazon-corretto-8.242.07.1-linux-x64.tar.gz	aa770e74dbed5492a1e6577aaaf594720fb3715a5b64050d0537240f743dacdb
corretto-8.242.08.1	amazon-corretto-8.242.08.1-linux-x64.tar.gz	https://corretto.aws/downloads/resources/8.242.08.1/amazon-corretto-8.242.08.1-linux-x64.tar.gz	e302fbd2d7354a2a8c5fa7491f4de1d73967104078da9671abada260b2f02fcd
corretto-8.252.09.1	amazon-corretto-8.252.09.1-linux-x64.tar.gz	https://corretto.aws/downloads/resources/8.252.09.1/amazon-corretto-8.252.09.1-linux-x64.tar.gz	7f08bc6097a14424bf09eb693304d48812099f29edb1d7326c6372a85b86b1df
corretto-11.0.2.9.1	amazon-corretto-11.0.2.9.1-linux-x64.tar.gz	https://d3pxv6yz143wms.cloudfront.net/11.0.2.9.1/amazon-corretto-11.0.2.9.1-linux-x64.tar.gz	6da7cf71d101db8f77e2d4701b092bd4b0dcb55e35c0f0aa929a552e47fb320c
corretto-11.0.2.9.2	amazon-corretto-11.0.2.9.2-linux-x64.tar.gz	https://d3pxv6yz143wms.cloudfront.net/11.0.2.9.2/amazon-corretto-11.0.2.9.2-linux-x64.tar.gz	ea8ac4ede069d4588cc368e12d68e82cd37e84a9b3d36483f8151a637167b337
corretto-11.0.2.9.3	amazon-corretto-11.0.2.9.3-linux-x64.tar.gz	https://d3pxv6yz143wms.cloudfront.net/11.0.2.9.3/amazon-corretto-11.0.2.9.3-linux-x64.tar.gz	be8452a78baa077e19afbfa64070b26275030267a5ea4e837dec7a30eff85c9c
corretto-11.0.3.7.1	amazon-corretto-11.0.3.7.1-linux-x64.tar.gz	https://d3pxv6yz143wms.cloudfront.net/11.0.3.7.1/amazon-corretto-11.0.3.7.1-linux-x64.tar.gz	810e6a70a8170e72f9d0fd9a380ba1e36bff9e44435175ef509f3c8b3be93d4c
corretto-11.0.4.11.1	amazon-corretto-11.0.4.11.1-linux-x64.tar.gz	https://d3pxv6yz143wms.cloudfront.net/11.0.4.11.1/amazon-corretto-11.0.4.11.1-linux-x64.tar.gz	aaf35f707ea12f5942c72ba70192444de19c4e1c7f5546ce2a0725093dde6fba
corretto-11.0.5.10.1	amazon-corretto-11.0.5.10.1-linux-x64.tar.gz	https://d3pxv6yz143wms.cloudfront.net/11.0.5.10.1/amazon-corretto-11.0.5.10.1-linux-x64.tar.gz	4cc9e65e6e3d036b18cfd5fd6c7843d48244e44a60350f7e45036f4825bd3812
corretto-11.0.6.10.1	amazon-corretto-11.0.6.10.1-linux-x64.tar.gz	https://corretto.aws/downloads/resources/11.0.6.10.1/amazon-corretto-11.0.6.10.1-linux-x64.tar.gz	ceb676297a169c0f38bc3807fba9769f3a97ddf1e7522b92b85e97e11c35d3f4
corretto-11.0.7.10.1	amazon-corretto-11.0.7.10.1-linux-x64.tar.gz	https://corretto.aws/downloads/resources/11.0.7.10.1/amazon-corretto-11.0.7.10.1-linux-x64.tar.gz	24a487d594d10df540383c4c642444f969a00e616331d3dc3bdc4815ada71c0e
dragonwell-8.0.0	Alibaba_Dragonwell_8.0.0-GA_Linux_x64.tar.gz	https://github.com/alibaba/dragonwell8/releases/download/v8.0.0-GA/Alibaba_Dragonwell_8.0.0-GA_Linux_x64.tar.gz	0ba706b8e0d9e6511e7f15b3faccde55e13f6d2f698431c75aeb2c98cfed1375
dragonwell-8.1.1	Alibaba_Dragonwell_8.1.1-GA_Linux_x64.tar.gz	https://github.com/alibaba/dragonwell8/releases/download/v8.1.1-GA/Alibaba_Dragonwell_8.1.1-GA_Linux_x64.tar.gz	b9f11d95e3f06f7d1a6ebc2a347d8b9e0366696e7c4e92214964037462e70ed4
dragonwell-8.2.2	Alibaba_Dragonwell_8.2.2-GA_Linux_x64.tar.gz	https://github.com/alibaba/dragonwell8/releases/download/v8.2.2-GA/Alibaba_Dragonwell_8.2.2-GA_Linux_x64.tar.gz	dbb89fc77b16722ecf34a9a20aedbdc59cff68033630309497100674a51a4948
dragonwell-8.3.3	Alibaba_Dragonwell_8.3.3-GA_Linux_x64.tar.gz	https://github.com/alibaba/dragonwell8/releases/download/dragonwell-8.3.3-GA/Alibaba_Dragonwell_8.3.3-GA_Linux_x64.tar.gz	09a149f2becdc86149e045e44d67a70ca399e1e6a9ec423869c11d639ffa4054
dragonwell-11.0.7.2+9	Alibaba_Dragonwell_11.0.7.2+9_Linux_x64.tar.gz	https://github.com/alibaba/dragonwell11/releases/download/dragonwell_11.0.7.2_GA/Alibaba_Dragonwell_11.0.7.2+9_Linux_x64.tar.gz	4b11fd0f08d496ef9c6aeb537c2366073bdb8434173956908f65cae12e96e22c
graalvm-19.0.0	graalvm-ce-linux-amd64-19.0.0.tar.gz	https://github.com/oracle/graal/releases/download/vm-19.0.0/graalvm-ce-linux-amd64-19.0.0.tar.gz	7ad124cdb19cbaa962f6d2f26d1e3eccfeb93afabbf8e81cb65976519f15730c
graalvm-19.0.2	graalvm-ce-linux-amd64-19.0.2.tar.gz	https://github.com/oracle/graal/releases/download/vm-19.0.2/graalvm-ce-linux-amd64-19.0.2.tar.gz	c6f3e7b79fcf482c0597ad59bdc22509bae6c4350eec5a9733ca7b0ac4e403ed
graalvm-19.1.0	graalvm-ce-linux-amd64-19.1.0.tar.gz	https://github.com/oracle/graal/releases/download/vm-19.1.0/graalvm-ce-linux-amd64-19.1.0.tar.gz	1bb21f2cb4207b60ea6abca181f805f0d504a045a5cd524a22f8abf6fafe1532
graalvm-19.1.1	graalvm-ce-linux-amd64-19.1.1.tar.gz	https://github.com/oracle/graal/releases/download/vm-19.1.1/graalvm-ce-linux-amd64-19.1.1.tar.gz	96579d88277b6571dd28c2a1795575507d516c43b9fe0569e03a86061b574ff7
graalvm-19.2.0	graalvm-ce-linux-amd64-19.2.0.tar.gz	https://github.com/oracle/graal/releases/download/vm-19.2.0/graalvm-ce-linux-amd64-19.2.0.tar.gz	9d8a82788c3aaede4a05366f79f8b0b328957d0bb7479c986f6f1354b1c7c4ea
graalvm-19.2.0.1	graalvm-ce-linux-amd64-19.2.0.1.tar.gz	https://github.com/oracle/graal/releases/download/vm-19.2.0.1/graalvm-ce-linux-amd64-19.2.0.1.tar.gz	53e3e37530337fd276e133fc6f2bb72e20acc770aa7320ce612fdc718c88f42d
graalvm-19.2.1	graalvm-ce-linux-amd64-19.2.1.tar.gz	https://github.com/oracle/graal/releases/download/vm-19.2.1/graalvm-ce-linux-amd64-19.2.1.tar.gz	c3af1238c8021cbf018e4824a39823a246256596979bd6ec55685ccf661b253b
graalvm-19.3.0+java8	graalvm-ce-java8-linux-amd64-19.3.0.tar.gz	https://github.com/graalvm/graalvm-ce-builds/releases/download/vm-19.3.0/graalvm-ce-java8-linux-amd64-19.3.0.tar.gz	4442d3dfade1175f6905106757929113f1e74bc5c50156dc6a70c04759ac2660
graalvm-19.3.0+java11	graalvm-ce-java11-linux-amd64-19.3.0.tar.gz	https://github.com/graalvm/graalvm-ce-builds/releases/download/vm-19.3.0/graalvm-ce-java11-linux-amd64-19.3.0.tar.gz	238c5c21bb4aa292caf95b2aca592ce8c1be2f036d93af48cd865f67d558f907
graalvm-19.3.0.2+java8	graalvm-ce-java8-linux-amd64-19.3.0.2.tar.gz	https://github.com/graalvm/graalvm-ce-builds/releases/download/vm-19.3.0.2/graalvm-ce-java8-linux-amd64-19.3.0.2.tar.gz	5749d5b552078d62e5419b33409fedc566d9a085d2850f8f42d7d0eb4faac56f
graalvm-19.3.0.2+java11	graalvm-ce-java11-linux-amd64-19.3.0.2.tar.gz	https://github.com/graalvm/graalvm-ce-builds/releases/download/vm-19.3.0.2/graalvm-ce-java11-linux-amd64-19.3.0.2.tar.gz	f28968eb8c977b14a088ff673ff9dd9fee15f0b8b62f5132e0209a43458ceaa7
graalvm-19.3.1+java8	graalvm-ce-java8-linux-amd64-19.3.1.tar.gz	https://github.com/graalvm/graalvm-ce-builds/releases/download/vm-19.3.1/graalvm-ce-java8-linux-amd64-19.3.1.tar.gz	815385a1c35a1db54b9b9622059c9e8e5155460f65c3d713e55d3a84222c9194
graalvm-19.3.1+java11	graalvm-ce-java11-linux-amd64-19.3.1.tar.gz	https://github.com/graalvm/graalvm-ce-builds/releases/download/vm-19.3.1/graalvm-ce-java11-linux-amd64-19.3.1.tar.gz	691f0577c75c4ba0fb50916087925e6eb8a5a73de51994a37eee022d1e2c9e7d
graalvm-19.3.2+java8	graalvm-ce-java8-linux-amd64-19.3.2.tar.gz	https://github.com/graalvm/graalvm-ce-builds/releases/download/vm-19.3.2/graalvm-ce-java8-linux-amd64-19.3.2.tar.gz	7598364ed9c4e5c0f936f37275172e84218984f25f51685ac2f501ac1a2d43bf
graalvm-19.3.2+java11	graalvm-ce-java11-linux-amd64-19.3.2.tar.gz	https://github.com/graalvm/graalvm-ce-builds/releases/download/vm-19.3.2/graalvm-ce-java11-linux-amd64-19.3.2.tar.gz	7627a40c11341f743e3d937efe4fd3115b18bb3ca39380513b31d6775512d5b0
graalvm-20.0.0+java8	graalvm-ce-java8-linux-amd64-20.0.0.tar.gz	https://github.com/graalvm/graalvm-ce-builds/releases/download/vm-20.0.0/graalvm-ce-java8-linux-amd64-20.0.0.tar.gz	16ef8d89f014b4d295b7ca0c54343eab3c7d24e18b2d376665f5b12bb643723d
graalvm-20.0.0+java11	graalvm-ce-java11-linux-amd64-20.0.0.tar.gz	https://github.com/graalvm/graalvm-ce-builds/releases/download/vm-20.0.0/graalvm-ce-java11-linux-amd64-20.0.0.tar.gz	d16c4a340a4619d98936754caeb6f49ee7a61d809c5a270e192b91cbc474c726
graalvm-20.1.0+java8	graalvm-ce-java8-linux-amd64-20.1.0.tar.gz	https://github.com/graalvm/graalvm-ce-builds/releases/download/vm-20.1.0/graalvm-ce-java8-linux-amd64-20.1.0.tar.gz	4fac212b37cd548831fd6587dd4d59dc068068815aa20323b47fde9529d6bb6e
graalvm-20.1.0+java11	graalvm-ce-java11-linux-amd64-20.1.0.tar.gz	https://github.com/graalvm/graalvm-ce-builds/releases/download/vm-20.1.0/graalvm-ce-java11-linux-amd64-20.1.0.tar.gz	18f2dc19652c66ccd5bd54198e282db645ea894d67357bf5e4121a9392fc9394
java-se-ri-7u75-b13	openjdk-7u75-b13-linux-x64-18_dec_2014.tar.gz	https://download.java.net/openjdk/jdk7u75/ri/openjdk-7u75-b13-linux-x64-18_dec_2014.tar.gz	56d84d0bfc8c1194d501c889765a387e949d6a063feef6608e5e12b8152411fb
java-se-ri-8u41-b04	openjdk-8u41-b04-linux-x64-14_jan_2020.tar.gz	https://download.java.net/openjdk/jdk8u41/ri/openjdk-8u41-b04-linux-x64-14_jan_2020.tar.gz	98c13207b5d208613c987c91c353a199fbf28ca07481c1f077803e4e436ea58a
java-se-ri-9+181	openjdk-9+181_linux-x64_ri.zip	https://download.java.net/openjdk/jdk9/ri/openjdk-9+181_linux-x64_ri.zip	f4f9c75f9f1f2d1888b9be013c96210e017fd22547366c8e0929085dfe8e38aa
java-se-ri-10+44	openjdk-10+44_linux-x64_bin_ri.tar.gz	https://download.java.net/openjdk/jdk10/ri/openjdk-10+44_linux-x64_bin_ri.tar.gz	0b0e778f2c935dae32c71dd78f3ad921e0972ffc536e64703f0e9855e570abe2
java-se-ri-11+28	openjdk-11+28_linux-x64_bin.tar.gz	https://download.java.net/openjdk/jdk11/ri/openjdk-11+28_linux-x64_bin.tar.gz	3784cfc4670f0d4c5482604c7c513beb1a92b005f569df9bf100e8bef6610f2e
java-se-ri-12+32	openjdk-12+32_linux-x64_bin.tar.gz	https://download.java.net/openjdk/jdk12/ri/openjdk-12+32_linux-x64_bin.tar.gz	4bf3d9f4bbbb8cb9a0d96ceade42df8b2ca85f7853fbcd08274df2b7d2cef074
java-se-ri-13+33	openjdk-13+33_linux-x64_bin.tar.gz	https://download.java.net/openjdk/jdk13/ri/openjdk-13+33_linux-x64_bin.tar.gz	5f547b8f0ffa7da517223f6f929a5055d749776b1878ccedbd6cc1334f4d6f4d
java-se-ri-14+36	openjdk-14+36_linux-x64_bin.tar.gz	https://download.java.net/openjdk/jdk14/ri/openjdk-14+36_linux-x64_bin.tar.gz	c7006154dfb8b66328c6475447a396feb0042608ee07a96956547f574a911c09
liberica-1.8.0	bellsoft-jdk1.8.0-linux-amd64.tar.gz	https://github.com/bell-sw/Liberica/releases/download/8u192/bellsoft-jdk1.8.0-linux-amd64.tar.gz	9ac46d4b1a2b31df379a72484db2177e3943dc80b49cf28606c4ad3e2bf3318b
liberica-8u202	bellsoft-jdk8u202-linux-amd64.tar.gz	https://github.com/bell-sw/Liberica/releases/download/8u202/bellsoft-jdk8u202-linux-amd64.tar.gz	fc02f98827b123f6a2c18cf7159a67ceabbeed20ec593cb371be2bfeff70e118
liberica-8u212	bellsoft-jdk8u212-linux-amd64.tar.gz	https://github.com/bell-sw/Liberica/releases/download/8u212/bellsoft-jdk8u212-linux-amd64.tar.gz	4ca9d04728e4d03a3467f269b112ad54d31a5cc7008946ea525abe75b86c4946
liberica-8u222	bellsoft-jdk8u222-linux-amd64.tar.gz	https://github.com/bell-sw/Liberica/releases/download/8u222/bellsoft-jdk8u222-linux-amd64.tar.gz	5e839374239dfef90c67a6336aca30c138dfd0d903476d9f9240801100db43e0
liberica-8u232	bellsoft-jdk8u232-linux-amd64.tar.gz	https://github.com/bell-sw/Liberica/releases/download/8u232/bellsoft-jdk8u232-linux-amd64.tar.gz	c32ca8cf4690cc2be34293c3d1e25da618a82472f9656de1cf4b664c238d0c04
liberica-8u232+10	bellsoft-jdk8u232+10-linux-amd64.tar.gz	https://github.com/bell-sw/Liberica/releases/download/8u232+10/bellsoft-jdk8u232+10-linux-amd64.tar.gz	10feb39a107b2eebe41ae78e3e92ed70e999918c7ae65c2a954705e0dfeb252a
liberica-8u242+7	bellsoft-jdk8u242+7-linux-amd64.tar.gz	https://github.com/bell-sw/Liberica/releases/download/8u242+7/bellsoft-jdk8u242+7-linux-amd64.tar.gz	2341b40fa167b58d4a6f0f6523ffc289a1542931f6489efe8ba43065b0073ff4
liberica-8u252+9	bellsoft-jdk8u252+9-linux-amd64.tar.gz	https://github.com/bell-sw/Liberica/releases/download/8u252+9/bellsoft-jdk8u252+9-linux-amd64.tar.gz	0654d01fbf03e0bf34606d416fccf05552a8a71c9776535b3dad583c9fe654cc
liberica-10.0.2	bellsoft-jdk10.0.2-linux-amd64.tar.gz	https://github.com/bell-sw/Liberica/releases/download/10.0.2.amd64/bellsoft-jdk10.0.2-linux-amd64.tar.gz	eba535a5b0f4fdf7892465bb74b48c12821830b7c51341fcebfdf4324c3bea20
liberica-11	bellsoft-jdk11-linux-amd64.tar.gz	https://github.com/bell-sw/Liberica/releases/download/11/bellsoft-jdk11-linux-amd64.tar.gz	35261e0ea9efcf2a17c613fd060cdc51aa2ff56d3b82a7d868d0fd09e3876c7b
liberica-11.0.1	bellsoft-jdk11.0.1-linux-amd64.tar.gz	https://github.com/bell-sw/Liberica/releases/download/11.0.1/bellsoft-jdk11.0.1-linux-amd64.tar.gz	aa98d1a39ae56a3744b47687501f5d87f3f90f3434a88ccd911f550480e4101d
liberica-11.0.2	bellsoft-jdk11.0.2-linux-amd64.tar.gz	https://github.com/bell-sw/Liberica/releases/download/11.0.2/bellsoft-jdk11.0.2-linux-amd64.tar.gz	39c3634f588091b27ade176f2235486129662d531c6fca6bb388539677d25542
liberica-11.0.3	bellsoft-jdk11.0.3-linux-amd64.tar.gz	https://github.com/bell-sw/Liberica/releases/download/11.0.3/bellsoft-jdk11.0.3-linux-amd64.tar.gz	ee7c24a9ba43dd57f8abc8c3b260e8ff9192209c89ca1f81bcb388c204e47960
liberica-11.0.4	bellsoft-jdk11.0.4-linux-amd64.tar.gz	https://github.com/bell-sw/Liberica/releases/download/11.0.4/bellsoft-jdk11.0.4-linux-amd64.tar.gz	5cc63b49c94ca1bf43eb889f2f4f7b4ed2ad882a3ed0bfd3cb17a245e9a34d88
liberica-11.0.5	bellsoft-jdk11.0.5-linux-amd64.tar.gz	https://github.com/bell-sw/Liberica/releases/download/11.0.5/bellsoft-jdk11.0.5-linux-amd64.tar.gz	fce87a10efec79cc0325101f05dffc99ee2724e3bb177b8248940e8ea4307b75
liberica-11.0.5+11	bellsoft-jdk11.0.5+11-linux-amd64.tar.gz	https://github.com/bell-sw/Liberica/releases/download/11.0.5+11/bellsoft-jdk11.0.5+11-linux-amd64.tar.gz	7b90a4be89cfa51393ccda989d208d108bf6abdb130b07607e02db1f05444c03
liberica-11.0.6+10	bellsoft-jdk11.0.6+10-linux-amd64.tar.gz	https://github.com/bell-sw/Liberica/releases/download/11.0.6+10/bellsoft-jdk11.0.6+10-linux-amd64.tar.gz	6e61b37ad963546b06ebe14f9b702007410f121ff80214ac0cc33ea9770d9755
liberica-11.0.7+10	bellsoft-jdk11.0.7+10-linux-amd64.tar.gz	https://github.com/bell-sw/Liberica/releases/download/11.0.7+10/bellsoft-jdk11.0.7+10-linux-amd64.tar.gz	c401ae6c7204a9ff5d28ea9fcfd9f291969abee9a84ecb20cf0b110a3ea90bb7
liberica-12	bellsoft-jdk12-linux-amd64.tar.gz	https://github.com/bell-sw/Liberica/releases/download/12/bellsoft-jdk12-linux-amd64.tar.gz	f8b67566c3aa0d75f66d9c0a5c7d39f059fb87864240a086bd3f34f03bb30224
liberica-12.0.1	bellsoft-jdk12.0.1-linux-amd64.tar.gz	https://github.com/bell-sw/Liberica/releases/download/12.0.1/bellsoft-jdk12.0.1-linux-amd64.tar.gz	1650d63b0ffd06a5d7f74fc2c4aabaa3678edf8fc9b7aa3769c96ca6a064306d
liberica-12.0.2	bellsoft-jdk12.0.2-linux-amd64.tar.gz	https://github.com/bell-sw/Liberica/releases/download/12.0.2/bellsoft-jdk12.0.2-linux-amd64.tar.gz	82841a8c8ca9f892716b5ccc2e4b55f578088f7f9870ca4217231f5d4b6cfdb8
liberica-13	bellsoft-jdk13-linux-amd64.tar.gz	https://github.com/bell-sw/Liberica/releases/download/13/bellsoft-jdk13-linux-amd64.tar.gz	184b3d63576a9d820362a4679b0eb2c07b63efccdcb0ed658698fa5f03994c98
liberica-13.0.1	bellsoft-jdk13.0.1-linux-amd64.tar.gz	https://github.com/bell-sw/Liberica/releases/download/13.0.1/bellsoft-jdk13.0.1-linux-amd64.tar.gz	abfa4b3ff4960524f5023c4d6484c0d44788329933650031bb23374271204266
liberica-13.0.1+10	bellsoft-jdk13.0.1+10-linux-amd64.tar.gz	https://github.com/bell-sw/Liberica/releases/download/13.0.1+10/bellsoft-jdk13.0.1+10-linux-amd64.tar.gz	24c1a8c664c88b2c3062eb44ba6030b89017514388c64bdaf4e39cbccadb2e51
liberica-13.0.2+9	bellsoft-jdk13.0.2+9-linux-amd64.tar.gz	https://github.com/bell-sw/Liberica/releases/download/13.0.2+9/bellsoft-jdk13.0.2+9-linux-amd64.tar.gz	3ae9d14857bd3a371f0c0aab056a6daa06dcad79336b817bc2bbd2b7f0c32158
liberica-14+36	bellsoft-jdk14+36-linux-amd64.tar.gz	https://github.com/bell-sw/Liberica/releases/download/14+36/bellsoft-jdk14+36-linux-amd64.tar.gz	db484dda4d0be1406a34377ea4b39ab80a1b46b2be3eda4d7dec1edb13cd8899
liberica-14.0.1+8	bellsoft-jdk14.0.1+8-linux-amd64.tar.gz	https://github.com/bell-sw/Liberica/releases/download/14.0.1+8/bellsoft-jdk14.0.1+8-linux-amd64.tar.gz	90604d58e53299ec8dfc9b13f5bbcf07485b9452fad2382535c24fb8d0e20d61
liberica-javafx-8u242+7	bellsoft-jdk8u242+7-linux-amd64-full.tar.gz	https://github.com/bell-sw/Liberica/releases/download/8u242+7/bellsoft-jdk8u242+7-linux-amd64-full.tar.gz	5cdae705834cc2d3a58a0a9bf05bfcd856987b5c1f293dde19fb16d1b9540a34
liberica-javafx-8u252+9	bellsoft-jdk8u252+9-linux-amd64-full.tar.gz	https://github.com/bell-sw/Liberica/releases/download/8u252+9/bellsoft-jdk8u252+9-linux-amd64-full.tar.gz	24fab44b11ef2f41cb08f1cdf211308b248ca549d5aaf496ae0ea34a9de5a78b
liberica-javafx-11.0.6+10	bellsoft-jdk11.0.6+10-linux-amd64-full.tar.gz	https://github.com/bell-sw/Liberica/releases/download/11.0.6+10/bellsoft-jdk11.0.6+10-linux-amd64-full.tar.gz	574274d7ad90282eb2bcb7e80a1b8c6ef826b244c5ff18a3f1025592b66dd7ab
liberica-javafx-11.0.7+10	bellsoft-jdk11.0.7+10-linux-amd64-full.tar.gz	https://github.com/bell-sw/Liberica/releases/download/11.0.7+10/bellsoft-jdk11.0.7+10-linux-amd64-full.tar.gz	623f923aa663194100385c66bf901aee0f88bc7177da80c569e106a2a78edc16
liberica-javafx-13.0.2+9	bellsoft-jdk13.0.2+9-linux-amd64-full.tar.gz	https://github.com/bell-sw/Liberica/releases/download/13.0.2+9/bellsoft-jdk13.0.2+9-linux-amd64-full.tar.gz	d5e75179bf186aaad7f8c98c0438b6206e82b7af06ccf76864b4196f91ca5c22
liberica-javafx-14+36	bellsoft-jdk14+36-linux-amd64-full.tar.gz	https://github.com/bell-sw/Liberica/releases/download/14+36/bellsoft-jdk14+36-linux-amd64-full.tar.gz	e56b5e3e36ea19aaeac99688da2df8cd04e3eceb3114d62e66646db7b188288d
liberica-javafx-14.0.1+8	bellsoft-jdk14.0.1+8-linux-amd64-full.tar.gz	https://github.com/bell-sw/Liberica/releases/download/14.0.1+8/bellsoft-jdk14.0.1+8-linux-amd64-full.tar.gz	74d135ed9000d81c5f283a0b0ae3ac0c221f54326c331051cd911f2e6b646b00
liberica-lite-11	bellsoft-jdk11-linux-amd64-lite.tar.gz	https://github.com/bell-sw/Liberica/releases/download/11/bellsoft-jdk11-linux-amd64-lite.tar.gz	5bf9759f3a2f9f5d3a5df458fd32efdc69dbcade3e010ff1d5deb2242071aab9
liberica-lite-11.0.1	bellsoft-jdk11.0.1-linux-amd64-lite.tar.gz	https://github.com/bell-sw/Liberica/releases/download/11.0.1/bellsoft-jdk11.0.1-linux-amd64-lite.tar.gz	37924adfab21e50621c24e6d288e920d2060529933bb9cb754db39b134e021c4
liberica-lite-11.0.2	bellsoft-jdk11.0.2-linux-amd64-lite.tar.gz	https://github.com/bell-sw/Liberica/releases/download/11.0.2/bellsoft-jdk11.0.2-linux-amd64-lite.tar.gz	3e5f29f1d2ecda811d422463890ccd88301adc582a03b58ce703af96b9d6d375
liberica-lite-11.0.3	bellsoft-jdk11.0.3-linux-amd64-lite.tar.gz	https://github.com/bell-sw/Liberica/releases/download/11.0.3/bellsoft-jdk11.0.3-linux-amd64-lite.tar.gz	1af6c9a127953f5bc765198b6ee8a498d9edb0f3123adae9ec439dc3388d1ef2
liberica-lite-11.0.4	bellsoft-jdk11.0.4-linux-amd64-lite.tar.gz	https://github.com/bell-sw/Liberica/releases/download/11.0.4/bellsoft-jdk11.0.4-linux-amd64-lite.tar.gz	e89259af94f3a1dafec27627d6a34b0112ae7a3019cd09b7a1299e5b1724ad78
liberica-lite-11.0.5	bellsoft-jdk11.0.5-linux-amd64-lite.tar.gz	https://github.com/bell-sw/Liberica/releases/download/11.0.5/bellsoft-jdk11.0.5-linux-amd64-lite.tar.gz	bc48d9dc7b6da0933ff92c0a65f1e02f23b7417a124f9411f8e2ebe3693ec427
liberica-lite-11.0.5+11	bellsoft-jdk11.0.5+11-linux-amd64-lite.tar.gz	https://github.com/bell-sw/Liberica/releases/download/11.0.5+11/bellsoft-jdk11.0.5+11-linux-amd64-lite.tar.gz	e7713d69c587ab167a0bbfcd3d11645cce792d54bbf2b993f8dc78ca6634dee5
liberica-lite-11.0.6+10	bellsoft-jdk11.0.6+10-linux-amd64-lite.tar.gz	https://github.com/bell-sw/Liberica/releases/download/11.0.6+10/bellsoft-jdk11.0.6+10-linux-amd64-lite.tar.gz	93aec83458edb9c6de91dc2b3fb7757908db85bd04ce177fb1dfc0895ba11161
liberica-lite-11.0.7+10	bellsoft-jdk11.0.7+10-linux-amd64-lite.tar.gz	https://github.com/bell-sw/Liberica/releases/download/11.0.7+10/bellsoft-jdk11.0.7+10-linux-amd64-lite.tar.gz	c3f9c5ee85db69ba81c86a594b9074170822f04d20bc37f46a3d2ca4102a5488
liberica-lite-12	bellsoft-jdk12-linux-amd64-lite.tar.gz	https://github.com/bell-sw/Liberica/releases/download/12/bellsoft-jdk12-linux-amd64-lite.tar.gz	e2b194d15cd643e80890acc63267eda69986f5c08e7a4986f076c0464ad056f7
liberica-lite-12.0.1	bellsoft-jdk12.0.1-linux-amd64-lite.tar.gz	https://github.com/bell-sw/Liberica/releases/download/12.0.1/bellsoft-jdk12.0.1-linux-amd64-lite.tar.gz	57a6287a45e61666cc58e2dadfc1097cf27aae4132e30b298c54d7943acfd326
liberica-lite-12.0.2	bellsoft-jdk12.0.2-linux-amd64-lite.tar.gz	https://github.com/bell-sw/Liberica/releases/download/12.0.2/bellsoft-jdk12.0.2-linux-amd64-lite.tar.gz	6cbca28a828ea44ab4c600bbbe41f416c6faa70292131a25dfe78208c6f17da0
liberica-lite-13	bellsoft-jdk13-linux-amd64-lite.tar.gz	https://github.com/bell-sw/Liberica/releases/download/13/bellsoft-jdk13-linux-amd64-lite.tar.gz	313be8f4b1b039a2c67108d63a286c7afe7232860dd0639592b9d99001d0e012
liberica-lite-13.0.1	bellsoft-jdk13.0.1-linux-amd64-lite.tar.gz	https://github.com/bell-sw/Liberica/releases/download/13.0.1/bellsoft-jdk13.0.1-linux-amd64-lite.tar.gz	61ccd445e664b79262671f3bbfa5085d93f460db315bfd4cf8203e1f568b24f3
liberica-lite-13.0.1+10	bellsoft-jdk13.0.1+10-linux-amd64-lite.tar.gz	https://github.com/bell-sw/Liberica/releases/download/13.0.1+10/bellsoft-jdk13.0.1+10-linux-amd64-lite.tar.gz	38ebc641245bcd822fd8d4da71c92b596579404fb9882178d3be531bdcf7680c
liberica-lite-13.0.2+9	bellsoft-jdk13.0.2+9-linux-amd64-lite.tar.gz	https://github.com/bell-sw/Liberica/releases/download/13.0.2+9/bellsoft-jdk13.0.2+9-linux-amd64-lite.tar.gz	1dafc1d7be09ef62b0d8925518029b33075cc9a86ca85ab99776b7d42360215f
liberica-lite-14+36	bellsoft-jdk14+36-linux-amd64-lite.tar.gz	https://github.com/bell-sw/Liberica/releases/download/14+36/bellsoft-jdk14+36-linux-amd64-lite.tar.gz	61d17a84cfa4752c0e2f4c7ec5267be351c0e3d8cac13d11063c0a0555620dfb
liberica-lite-14.0.1+8	bellsoft-jdk14.0.1+8-linux-amd64-lite.tar.gz	https://github.com/bell-sw/Liberica/releases/download/14.0.1+8/bellsoft-jdk14.0.1+8-linux-amd64-lite.tar.gz	9a0c4102eee7c9995aa6fb0379bccfff3129b8c32d0a234a8234e86155e9467f
liberica-lite-musl-11.0.2	bellsoft-jdk11.0.2-linux-x64-musl-lite.tar.gz	https://github.com/bell-sw/Liberica/releases/download/11.0.2/bellsoft-jdk11.0.2-linux-x64-musl-lite.tar.gz	22c2f21a9810f713d91c78e1185fa696a7dd3de9b9947182c67872fad34d2b4d
liberica-lite-musl-11.0.3	bellsoft-jdk11.0.3-linux-x64-musl-lite.tar.gz	https://github.com/bell-sw/Liberica/releases/download/11.0.3/bellsoft-jdk11.0.3-linux-x64-musl-lite.tar.gz	b0b34dbe4fad138d8d6c69635cda045ef8e45105d5c60eba814c24212bfd05f8
liberica-lite-musl-11.0.4	bellsoft-jdk11.0.4-linux-x64-musl-lite.tar.gz	https://github.com/bell-sw/Liberica/releases/download/11.0.4/bellsoft-jdk11.0.4-linux-x64-musl-lite.tar.gz	3ea615c54290f85cb0acec21ce9fae292cb462e28ecd2a5b05c985b5d97a6cd0
liberica-lite-musl-11.0.5	bellsoft-jdk11.0.5-linux-x64-musl-lite.tar.gz	https://github.com/bell-sw/Liberica/releases/download/11.0.5/bellsoft-jdk11.0.5-linux-x64-musl-lite.tar.gz	f3ac27b97a13f4e8a90740c5383ad361d93c66e5318bf95bf1628e13737d6cc7
liberica-lite-musl-11.0.5+11	bellsoft-jdk11.0.5+11-linux-x64-musl-lite.tar.gz	https://github.com/bell-sw/Liberica/releases/download/11.0.5+11/bellsoft-jdk11.0.5+11-linux-x64-musl-lite.tar.gz	08fdad35b54287884c0def8917a26b081c412a441fd40b3fa5d79d5fa353972d
liberica-lite-musl-11.0.6+10	bellsoft-jdk11.0.6+10-linux-x64-musl-lite.tar.gz	https://github.com/bell-sw/Liberica/releases/download/11.0.6+10/bellsoft-jdk11.0.6+10-linux-x64-musl-lite.tar.gz	a8eab29dbec21a957c2f4cfd706198b46809d442fa5e14fa21fb7d9c0ce989cb
liberica-lite-musl-11.0.7+10	bellsoft-jdk11.0.7+10-linux-x64-musl-lite.tar.gz	https://github.com/bell-sw/Liberica/releases/download/11.0.7+10/bellsoft-jdk11.0.7+10-linux-x64-musl-lite.tar.gz	da7455c650ecf4742f457d198785b455a830b04d88bfd850c9155a6e420cea46
liberica-lite-musl-12	bellsoft-jdk12-linux-x64-musl-lite.tar.gz	https://github.com/bell-sw/Liberica/releases/download/12/bellsoft-jdk12-linux-x64-musl-lite.tar.gz	0db52e84333be96a004d8d6c136dbaf915db80a81503b73b2dcb6a6945acecf8
liberica-lite-musl-12.0.1	bellsoft-jdk12.0.1-linux-x64-musl-lite.tar.gz	https://github.com/bell-sw/Liberica/releases/download/12.0.1/bellsoft-jdk12.0.1-linux-x64-musl-lite.tar.gz	da85e31a2b78c1d188dbbc1c9f974ac8aa83e8d64476a32c614064987871c113
liberica-lite-musl-12.0.2	bellsoft-jdk12.0.2-linux-x64-musl-lite.tar.gz	https://github.com/bell-sw/Liberica/releases/download/12.0.2/bellsoft-jdk12.0.2-linux-x64-musl-lite.tar.gz	fa722655202be59088eb74e60d8fe67890c03c5e4014844460c113a55985bf3a
liberica-lite-musl-13	bellsoft-jdk13-linux-x64-musl-lite.tar.gz	https://github.com/bell-sw/Liberica/releases/download/13/bellsoft-jdk13-linux-x64-musl-lite.tar.gz	d58d4abafad2cbb6c785b729395a002c0b776522f2a8b173bd4e68352d8b4dda
liberica-lite-musl-13.0.1	bellsoft-jdk13.0.1-linux-x64-musl-lite.tar.gz	https://github.com/bell-sw/Liberica/releases/download/13.0.1/bellsoft-jdk13.0.1-linux-x64-musl-lite.tar.gz	affedba5ff0a90402b6937e2d949c0d00910b400d75506b577d1958595ca1eb1
liberica-lite-musl-13.0.1+10	bellsoft-jdk13.0.1+10-linux-x64-musl-lite.tar.gz	https://github.com/bell-sw/Liberica/releases/download/13.0.1+10/bellsoft-jdk13.0.1+10-linux-x64-musl-lite.tar.gz	58d3f0bb5ffa354b2aff050a83f455930dc568e58683654e1b6e7c134d68254c
liberica-lite-musl-13.0.2+9	bellsoft-jdk13.0.2+9-linux-x64-musl-lite.tar.gz	https://github.com/bell-sw/Liberica/releases/download/13.0.2+9/bellsoft-jdk13.0.2+9-linux-x64-musl-lite.tar.gz	26bd764970095ca25e960f643a7def9e691ab8513fd0a7bce46a8df5be07f213
liberica-lite-musl-14+36	bellsoft-jdk14+36-linux-x64-musl-lite.tar.gz	https://github.com/bell-sw/Liberica/releases/download/14+36/bellsoft-jdk14+36-linux-x64-musl-lite.tar.gz	54ec2a56d14a3c403d6e2957c0b63fcb7eb34f2c8e8068d15bbefcd2a085f240
liberica-lite-musl-14.0.1+8	bellsoft-jdk14.0.1+8-linux-x64-musl-lite.tar.gz	https://github.com/bell-sw/Liberica/releases/download/14.0.1+8/bellsoft-jdk14.0.1+8-linux-x64-musl-lite.tar.gz	9d07d8007abb05584c7e8243c91987eb77658ae43c831e5e6b0ecf5da6544758
liberica-musl-11.0.2	bellsoft-jdk11.0.2-linux-x64-musl.tar.gz	https://github.com/bell-sw/Liberica/releases/download/11.0.2/bellsoft-jdk11.0.2-linux-x64-musl.tar.gz	e4e03e1e921be45051b5951c7cd6dfc349fe0e1a80b99ca91d2ca4ebee5e68c2
liberica-musl-11.0.3	bellsoft-jdk11.0.3-linux-x64-musl.tar.gz	https://github.com/bell-sw/Liberica/releases/download/11.0.3/bellsoft-jdk11.0.3-linux-x64-musl.tar.gz	7a3b3b4cc9bfdd3374dacb67d22a2b056953c5ba12d5fafaa95201fd7487c2c3
liberica-musl-11.0.4	bellsoft-jdk11.0.4-linux-x64-musl.tar.gz	https://github.com/bell-sw/Liberica/releases/download/11.0.4/bellsoft-jdk11.0.4-linux-x64-musl.tar.gz	8b1f3795436110776792c3fbd12a253df12b3e177998a4ada34ec7aa3fbcf1cd
liberica-musl-11.0.5	bellsoft-jdk11.0.5-linux-x64-musl.tar.gz	https://github.com/bell-sw/Liberica/releases/download/11.0.5/bellsoft-jdk11.0.5-linux-x64-musl.tar.gz	6581ff0cf3f93720e4b5d26986b72b430a1449396c8109f7b5542951a07cdf81
liberica-musl-11.0.5+11	bellsoft-jdk11.0.5+11-linux-x64-musl.tar.gz	https://github.com/bell-sw/Liberica/releases/download/11.0.5+11/bellsoft-jdk11.0.5+11-linux-x64-musl.tar.gz	67de073ee3407b4a9224b8420dd5d3a3ea84af0ddcc19c00018cb1a46a750859
liberica-musl-11.0.6+10	bellsoft-jdk11.0.6+10-linux-x64-musl.tar.gz	https://github.com/bell-sw/Liberica/releases/download/11.0.6+10/bellsoft-jdk11.0.6+10-linux-x64-musl.tar.gz	688aa6400653bafa6f0fa635706a3e987df6115ee975a7bc46c6aafe55d711cb
liberica-musl-11.0.7+10	bellsoft-jdk11.0.7+10-linux-x64-musl.tar.gz	https://github.com/bell-sw/Liberica/releases/download/11.0.7+10/bellsoft-jdk11.0.7+10-linux-x64-musl.tar.gz	19084deec9a49df456a135cccd3735dfbaaf3996ec0cd9f7232ecfae46e4c322
liberica-musl-12	bellsoft-jdk12-linux-x64-musl.tar.gz	https://github.com/bell-sw/Liberica/releases/download/12/bellsoft-jdk12-linux-x64-musl.tar.gz	1e200a2a8d0be66136876a3c468b43c8ae448f32f2d2d734c5725e58ed9e10f5
liberica-musl-12.0.1	bellsoft-jdk12.0.1-linux-x64-musl.tar.gz	https://github.com/bell-sw/Liberica/releases/download/12.0.1/bellsoft-jdk12.0.1-linux-x64-musl.tar.gz	9db8b5cef2e4ab9ae4bc47b9cf67d46ad2e45076e82b4f8e9562055e91c55d34
liberica-musl-12.0.2	bellsoft-jdk12.0.2-linux-x64-musl.tar.gz	https://github.com/bell-sw/Liberica/releases/download/12.0.2/bellsoft-jdk12.0.2-linux-x64-musl.tar.gz	71be9f89e509342c28f7da3874a0c97f02e2723369ac3dac42cd7b8f873816f6
liberica-musl-13	bellsoft-jdk13-linux-x64-musl.tar.gz	https://github.com/bell-sw/Liberica/releases/download/13/bellsoft-jdk13-linux-x64-musl.tar.gz	c73e203b538582a0fcbdb1cb97afe711f41585f50c5b6c1af57a68afd1a6e39f
liberica-musl-13.0.1	bellsoft-jdk13.0.1-linux-x64-musl.tar.gz	https://github.com/bell-sw/Liberica/releases/download/13.0.1/bellsoft-jdk13.0.1-linux-x64-musl.tar.gz	fb3001f0cd8f07031b24b4eaa71a71ac04e07ca4b7026079197f3983a0f8f1fd
liberica-musl-13.0.1+10	bellsoft-jdk13.0.1+10-linux-x64-musl.tar.gz	https://github.com/bell-sw/Liberica/releases/download/13.0.1+10/bellsoft-jdk13.0.1+10-linux-x64-musl.tar.gz	d8cdd44ca229b3a15278d13a6c8a767ab2bc38fa48b848b2fa99881e494577a7
liberica-musl-13.0.2+9	bellsoft-jdk13.0.2+9-linux-x64-musl.tar.gz	https://github.com/bell-sw/Liberica/releases/download/13.0.2+9/bellsoft-jdk13.0.2+9-linux-x64-musl.tar.gz	96c1c2d28d2a988751eaf4f2fe24edc7f38c49d2b2faadb525687504689963d5
liberica-musl-14+36	bellsoft-jdk14+36-linux-x64-musl.tar.gz	https://github.com/bell-sw/Liberica/releases/download/14+36/bellsoft-jdk14+36-linux-x64-musl.tar.gz	fd731774870aa65ada34de14ce91480d0a5e174e4d1630e1e913752efecea322
liberica-musl-14.0.1+8	bellsoft-jdk14.0.1+8-linux-x64-musl.tar.gz	https://github.com/bell-sw/Liberica/releases/download/14.0.1+8/bellsoft-jdk14.0.1+8-linux-x64-musl.tar.gz	61b8da3a7d2399a65c02812e4c55b0bde57b624fe1aea45fc7ae3e5f075618cc
openjdk-9	openjdk-9_linux-x64_bin.tar.gz	https://download.java.net/java/GA/jdk9/9/binaries/openjdk-9_linux-x64_bin.tar.gz	f908e31b6185e11b322825809172dcbb7ac0dce64061c9cf154cb1b0df884480
openjdk-9.0.1	openjdk-9.0.1_linux-x64_bin.tar.gz	https://download.java.net/java/GA/jdk9/9.0.1/binaries/openjdk-9.0.1_linux-x64_bin.tar.gz	a312ea3c51940361af738fda809e08e16972ae9dd314cb087e0d31e251b416a3
openjdk-9.0.4	openjdk-9.0.4_linux-x64_bin.tar.gz	https://download.java.net/java/GA/jdk9/9.0.4/binaries/openjdk-9.0.4_linux-x64_bin.tar.gz	39362fb9bfb341fcc802e55e8ea59f4664ca58fd821ce956d48e1aa4fb3d2dec
openjdk-10	openjdk-10_linux-x64_bin.tar.gz	https://download.java.net/java/GA/jdk10/10/binaries/openjdk-10_linux-x64_bin.tar.gz	c851df838a51af52517b74e3a4b251d90c54cf478a4ebed99e7285ef134c3435
openjdk-10.0.1	openjdk-10.0.1_linux-x64_bin.tar.gz	https://download.java.net/java/GA/jdk10/10.0.1/fb4372174a714e6b8c52526dc134031e/10/openjdk-10.0.1_linux-x64_bin.tar.gz	0b14aaecd5323457bd15dc7798d08181ad04bad4156e55387ed714190912a9ce
openjdk-10.0.2	openjdk-10.0.2_linux-x64_bin.tar.gz	https://download.java.net/java/GA/jdk10/10.0.2/19aef61b38124481863b1413dce1855f/13/openjdk-10.0.2_linux-x64_bin.tar.gz	f3b26abc9990a0b8929781310e14a339a7542adfd6596afb842fa0dd7e3848b2
openjdk-11	openjdk-11_linux-x64_bin.tar.gz	https://download.java.net/java/ga/jdk11/openjdk-11_linux-x64_bin.tar.gz	3784cfc4670f0d4c5482604c7c513beb1a92b005f569df9bf100e8bef6610f2e
openjdk-11.0.1	openjdk-11.0.1_linux-x64_bin.tar.gz	https://download.java.net/java/GA/jdk11/13/GPL/openjdk-11.0.1_linux-x64_bin.tar.gz	7a6bb980b9c91c478421f865087ad2d69086a0583aeeb9e69204785e8e97dcfd
openjdk-11.0.2	openjdk-11.0.2_linux-x64_bin.tar.gz	https://download.java.net/java/GA/jdk11/9/GPL/openjdk-11.0.2_linux-x64_bin.tar.gz	99be79935354f5c0df1ad293620ea36d13f48ec3ea870c838f20c504c9668b57
openjdk-12	openjdk-12_linux-x64_bin.tar.gz	https://download.java.net/java/GA/jdk12/33/GPL/openjdk-12_linux-x64_bin.tar.gz	b43bc15f4934f6d321170419f2c24451486bc848a2179af5e49d10721438dd56
openjdk-12.0.1	openjdk-12.0.1_linux-x64_bin.tar.gz	https://download.java.net/java/GA/jdk12.0.1/69cfe15208a647278a19ef0990eea691/12/GPL/openjdk-12.0.1_linux-x64_bin.tar.gz	151eb4ec00f82e5e951126f572dc9116104c884d97f91be14ec11e85fc2dd626
openjdk-12.0.2	openjdk-12.0.2_linux-x64_bin.tar.gz	https://download.java.net/java/GA/jdk12.0.2/e482c34c86bd4bf8b56c0b35558996b9/10/GPL/openjdk-12.0.2_linux-x64_bin.tar.gz	75998a6ebf477467aa5fb68227a67733f0e77e01f737d4dfbc01e617e59106ed
openjdk-13	openjdk-13_linux-x64_bin.tar.gz	https://download.java.net/java/GA/jdk13/5b8a42f3905b406298b72d750b6919f6/33/GPL/openjdk-13_linux-x64_bin.tar.gz	5f547b8f0ffa7da517223f6f929a5055d749776b1878ccedbd6cc1334f4d6f4d
openjdk-13.0.1	openjdk-13.0.1_linux-x64_bin.tar.gz	https://download.java.net/java/GA/jdk13.0.1/cec27d702aa74d5a8630c65ae61e4305/9/GPL/openjdk-13.0.1_linux-x64_bin.tar.gz	2e01716546395694d3fad54c9b36d1cd46c5894c06f72d156772efbcf4b41335
openjdk-13.0.2	openjdk-13.0.2_linux-x64_bin.tar.gz	https://download.java.net/java/GA/jdk13.0.2/d4173c853231432d94f001e99d882ca7/8/GPL/openjdk-13.0.2_linux-x64_bin.tar.gz	acc7a6aabced44e62ec3b83e3b5959df2b1aa6b3d610d58ee45f0c21a7821a71
openjdk-14	openjdk-14_linux-x64_bin.tar.gz	https://download.java.net/java/GA/jdk14/076bab302c7b4508975440c56f6cc26a/36/GPL/openjdk-14_linux-x64_bin.tar.gz	c7006154dfb8b66328c6475447a396feb0042608ee07a96956547f574a911c09
openjdk-14.0.1	openjdk-14.0.1_linux-x64_bin.tar.gz	https://download.java.net/java/GA/jdk14.0.1/664493ef4a6946b186ff29eb326336a2/7/GPL/openjdk-14.0.1_linux-x64_bin.tar.gz	22ce248e0bd69f23028625bede9d1b3080935b68d011eaaf9e241f84d6b9c4cc
sapmachine-11.0.6	sapmachine-jdk-11.0.6_linux-x64_bin.tar.gz	https://github.com/SAP/SapMachine/releases/download/sapmachine-11.0.6/sapmachine-jdk-11.0.6_linux-x64_bin.tar.gz	9bc9af984caaa531d46a7ea8ef38e2e24eb5ac331d7f783f90d9801b332719bf
sapmachine-11.0.6.0.1	sapmachine-jdk-11.0.6.0.1_linux-x64_bin.tar.gz	https://github.com/SAP/SapMachine/releases/download/sapmachine-11.0.6.0.1/sapmachine-jdk-11.0.6.0.1_linux-x64_bin.tar.gz	697d5575ac0a9f24ee4f7a11d264311f2ca0e05841305236fd02d47325792e25
sapmachine-11.0.7	sapmachine-jdk-11.0.7_linux-x64_bin.tar.gz	https://github.com/SAP/SapMachine/releases/download/sapmachine-11.0.7/sapmachine-jdk-11.0.7_linux-x64_bin.tar.gz	1817306e827cd7f99b78530509d8c8d83035542231d7f319eff34d98170dd4fa
sapmachine-11.0.7-internal	sapmachine-jdk-11.0.7-internal_linux-x64_bin.tar.gz	https://github.com/SAP/SapMachine/releases/download/sapmachine-11.0.7/sapmachine-jdk-11.0.7-internal_linux-x64_bin.tar.gz	a6225b038ea53de941f249f113daf0b334bb4e19586867a35524d3c80916d1df
sapmachine-13.0.2	sapmachine-jdk-13.0.2_linux-x64_bin.tar.gz	https://github.com/SAP/SapMachine/releases/download/sapmachine-13.0.2/sapmachine-jdk-13.0.2_linux-x64_bin.tar.gz	f45604b8f6d42ea80a4eef788a1586c85d1e7fb90af2e91aa111beb7c408d464
sapmachine-14	sapmachine-jdk-14_linux-x64_bin.tar.gz	https://github.com/SAP/SapMachine/releases/download/sapmachine-14/sapmachine-jdk-14_linux-x64_bin.tar.gz	0fc03f9ed9c56672e77192d2ac9100612cb972103ba2e4338f2a136a3458bbf0
sapmachine-14.0.1	sapmachine-jdk-14.0.1_linux-x64_bin.tar.gz	https://github.com/SAP/SapMachine/releases/download/sapmachine-14.0.1/sapmachine-jdk-14.0.1_linux-x64_bin.tar.gz	08ce3075fb56156c84c0958415d5da277e1fa4f128c9829228126b73ab76e092
zulu-6.11.0.2	zulu6.11.0.2-jdk6.0.77-linux_x64.tar.gz	https://static.azul.com/zulu/bin/zulu6.11.0.2-jdk6.0.77-linux_x64.tar.gz	f3737a449e8b0690d32694c1b2a0be371c2ee9a8db265bd5affea0c2078cdbf0
zulu-6.12.0.2	zulu6.12.0.2-jdk6.0.79-linux_x64.tar.gz	https://static.azul.com/zulu/bin/zulu6.12.0.2-jdk6.0.79-linux_x64.tar.gz	4760a6c19d12fa48fd447ef5c8defcc5f55928dfdd6c812ad3247684c1582fdd
zulu-6.13.0.3	zulu6.13.0.3-jdk6.0.83-linux_x64.tar.gz	https://static.azul.com/zulu/bin/zulu6.13.0.3-jdk6.0.83-linux_x64.tar.gz	951897f0d7a60531dc9082a579a05cac5b2d2f07fd13469829db7f0525766b96
zulu-6.14.0.1	zulu6.14.0.1-jdk6.0.87-linux_x64.tar.gz	https://static.azul.com/zulu/bin/zulu6.14.0.1-jdk6.0.87-linux_x64.tar.gz	74e3b4d43db7364bdec43eb082d69830c3e1b672302789be470d27c150a1a65d
zulu-6.15.0.1	zulu6.15.0.1-jdk6.0.89-linux_x64.tar.gz	https://static.azul.com/zulu/bin/zulu6.15.0.1-jdk6.0.89-linux_x64.tar.gz	404c11209d703d55b302b41dda17750506a8ca9126f39365088500ccd71dba24
zulu-6.16.0.1	zulu6.16.0.1-jdk6.0.93-linux_x64.tar.gz	https://static.azul.com/zulu/bin/zulu6.16.0.1-jdk6.0.93-linux_x64.tar.gz	07be53f6441d29851e7409641d74655928e14d222b3871e4e74bd9e64f98f534
zulu-6.17.0.1	zulu6.17.0.1-jdk6.0.97-linux_x64.tar.gz	https://static.azul.com/zulu/bin/zulu6.17.0.1-jdk6.0.97-linux_x64.tar.gz	9ac4efd9dd085404d7683b348c6de3090897a3af9b59514696b64bcd46508496
zulu-6.18.0.3	zulu6.18.0.3-jdk6.0.99-linux_x64.tar.gz	https://static.azul.com/zulu/bin/zulu6.18.0.3-jdk6.0.99-linux_x64.tar.gz	6abb042de08515dbc1e2973c5c24f95f7b556b7ba1d7f20362c74a6392f125ab
zulu-6.19.0.1	zulu6.19.0.1-jdk6.0.103-linux_x64.tar.gz	https://static.azul.com/zulu/bin/zulu6.19.0.1-jdk6.0.103-linux_x64.tar.gz	10a48a962b8605b2eb0af5fd7c41193bf086333aee51bc6d31d6bc26b1e0047f
zulu-6.20.0.1	zulu6.20.0.1-jdk6.0.107-linux_x64.tar.gz	https://static.azul.com/zulu/bin/zulu6.20.0.1-jdk6.0.107-linux_x64.tar.gz	c09334f4b1048a20b4d3dca67b7b265eb3ff2675426d3ef1137d0147891df1e7
zulu-6.21.0.3	zulu6.21.0.3-jdk6.0.113-linux_x64.tar.gz	https://static.azul.com/zulu/bin/zulu6.21.0.3-jdk6.0.113-linux_x64.tar.gz	ac87d8c1ed7447c0446dd59bcddd995c73ac6ba1630a77154915d1812ea6183a
zulu-6.22.0.3	zulu6.22.0.3-jdk6.0.119-linux_x64.tar.gz	https://static.azul.com/zulu/bin/zulu6.22.0.3-jdk6.0.119-linux_x64.tar.gz	dd4765b45d9f1fc319a6e5be0bbc79371582daa8fd77872d51072f16deca2625
zulu-7.13.0.1	zulu7.13.0.1-jdk7.0.95-linux_x64.tar.gz	https://static.azul.com/zulu/bin/zulu7.13.0.1-jdk7.0.95-linux_x64.tar.gz	b782a6060cea9a564c9a3013a8d15f4152490a3c5be012fe9eb039e895f78076
zulu-7.14.0.5	zulu7.14.0.5-jdk7.0.101-linux_x64.tar.gz	https://static.azul.com/zulu/bin/zulu7.14.0.5-jdk7.0.101-linux_x64.tar.gz	fa4c52c34fd41e344fdaa71f1045753115bb247cf6fa0dc951caf429fe683d9f
zulu-7.15.0.1	zulu7.15.0.1-jdk7.0.111-linux_x64.tar.gz	https://static.azul.com/zulu/bin/zulu7.15.0.1-jdk7.0.111-linux_x64.tar.gz	03f64390e5d07bb1eea07600892468566f6d92a7edf9c7186a2949d1292833ef
zulu-7.16.0.1	zulu7.16.0.1-jdk7.0.121-linux_x64.tar.gz	https://static.azul.com/zulu/bin/zulu7.16.0.1-jdk7.0.121-linux_x64.tar.gz	8d16bf6a6d877d4df951880e13fdb21e889b5a98874c8a99a509f754910daec1
zulu-7.17.0.5	zulu7.17.0.5-jdk7.0.131-linux_x64.tar.gz	https://static.azul.com/zulu/bin/zulu7.17.0.5-jdk7.0.131-linux_x64.tar.gz	95a31b09d0275ce7cf48513bd7b34b9ab40ffa6caa3eefc543c40321ba057947
zulu-7.18.0.3	zulu7.18.0.3-jdk7.0.141-linux_x64.tar.gz	https://static.azul.com/zulu/bin/zulu7.18.0.3-jdk7.0.141-linux_x64.tar.gz	65d0bba0dc9eb0d07a1134a9aa819dcbf74316d6b00ffbf21d4ca675d14fbf07
zulu-7.20.0.3	zulu7.20.0.3-jdk7.0.154-linux_x64.tar.gz	https://static.azul.com/zulu/bin/zulu7.20.0.3-jdk7.0.154-linux_x64.tar.gz	9467a1e12d86b82915301e3b26adf362ce17550a014a3e8edbcb9a9da2b864e8
zulu-7.21.0.3	zulu7.21.0.3-jdk7.0.161-linux_x64.tar.gz	https://static.azul.com/zulu/bin/zulu7.21.0.3-jdk7.0.161-linux_x64.tar.gz	af1ea1676d33ec655a1d333709829b9242d55f7ec7de21e6295a2a2ad7dd43a5
zulu-7.22.0.3	zulu7.22.0.3-jdk7.0.171-linux_x64.tar.gz	https://static.azul.com/zulu/bin/zulu7.22.0.3-jdk7.0.171-linux_x64.tar.gz	ce88a06c62dc7977cbd1fd770b2e5f14c2699c7f9a391d1e4a7902bf4ff8ca31
zulu-7.23.0.1	zulu7.23.0.1-jdk7.0.181-linux_x64.tar.gz	https://static.azul.com/zulu/bin/zulu7.23.0.1-jdk7.0.181-linux_x64.tar.gz	82e6ecc66c5b0c7c21b0df3957ad081040645f0bebd454f0aed668fe0812abde
zulu-7.24.0.1	zulu7.24.0.1-jdk7.0.191-linux_x64.tar.gz	https://static.azul.com/zulu/bin/zulu7.24.0.1-jdk7.0.191-linux_x64.tar.gz	1aaa3dcd00a4fc3cc0a072aae1737f31b4a313ad4a8a4a112f3cb9ca6ceba388
zulu-7.25.0.5	zulu7.25.0.5-jdk7.0.201-linux_x64.tar.gz	https://static.azul.com/zulu/bin/zulu7.25.0.5-jdk7.0.201-linux_x64.tar.gz	092ac65f2da2521befd71df33a5648b293cd3d25d7331405590bd1352ff0fa3a
zulu-7.27.0.1	zulu7.27.0.1-ca-jdk7.0.211-linux_x64.tar.gz	https://static.azul.com/zulu/bin/zulu7.27.0.1-ca-jdk7.0.211-linux_x64.tar.gz	e3f343aa8e3300c03dfaed080eb68e4d666656c15d1019b6d9cf6058fc88c4a8
zulu-7.29.0.5	zulu7.29.0.5-ca-jdk7.0.222-linux_x64.tar.gz	https://static.azul.com/zulu/bin/zulu7.29.0.5-ca-jdk7.0.222-linux_x64.tar.gz	2eb69c315beaa6d804647ff33f931f19ca076daa65808cd9fa285d557c00b677
zulu-7.31.0.5	zulu7.31.0.5-ca-jdk7.0.232-linux_x64.tar.gz	https://static.azul.com/zulu/bin/zulu7.31.0.5-ca-jdk7.0.232-linux_x64.tar.gz	0087a283472a7336e4dbd26e2c8fe2d5595325b5ae83e922502baf7d240e49dc
zulu-7.34.0.5	zulu7.34.0.5-ca-jdk7.0.242-linux_x64.tar.gz	https://static.azul.com/zulu/bin/zulu7.34.0.5-ca-jdk7.0.242-linux_x64.tar.gz	de1c544fafaf351b878e890a5571055f5650ae1db05c1f46a6bd51dcbeaa120f
zulu-7.36.0.5	zulu7.36.0.5-ca-jdk7.0.252-linux_x64.tar.gz	https://static.azul.com/zulu/bin/zulu7.36.0.5-ca-jdk7.0.252-linux_x64.tar.gz	e0f34c242e6d456dac3e2c8a9eaeacfa8ea75c4dfc3e8818190bf0326e839d82
zulu-7.38.0.11	zulu7.38.0.11-ca-jdk7.0.262-linux_x64.tar.gz	https://static.azul.com/zulu/bin/zulu7.38.0.11-ca-jdk7.0.262-linux_x64.tar.gz	105ff96d4c5d8902436e7e42f41e85f4bab7916c7ea7affa0af70749668b4bd8
zulu-8.12.0.1	zulu8.12.0.1-jdk8.0.71-linux_x64.tar.gz	https://static.azul.com/zulu/bin/zulu8.12.0.1-jdk8.0.71-linux_x64.tar.gz	18407052679d3a0c314e29faa733e69ab730f684a52a36a1597357378716d2a0
zulu-8.13.0.5	zulu8.13.0.5-jdk8.0.72-linux_x64.tar.gz	https://static.azul.com/zulu/bin/zulu8.13.0.5-jdk8.0.72-linux_x64.tar.gz	c156a0a1e092e6824445a750a682a920ca8d07dc3a06f8281665e1627f7a00f3
zulu-8.14.0.1	zulu8.14.0.1-jdk8.0.91-linux_x64.tar.gz	https://static.azul.com/zulu/bin/zulu8.14.0.1-jdk8.0.91-linux_x64.tar.gz	66faeba9f310cb2cbfa783dea38251b0a57509d8d297d46ffa7a6d18f764dcff
zulu-8.15.0.1	zulu8.15.0.1-jdk8.0.92-linux_x64.tar.gz	https://static.azul.com/zulu/bin/zulu8.15.0.1-jdk8.0.92-linux_x64.tar.gz	b251effd7a7033949f4096eb2600697712b1ae102d18da61c8168db1d41d3480
zulu-8.17.0.3	zulu8.17.0.3-jdk8.0.102-linux_x64.tar.gz	https://static.azul.com/zulu/bin/zulu8.17.0.3-jdk8.0.102-linux_x64.tar.gz	2a3cdb803a24eb7bea10889c25dc4dfcfba2ef4154f484637a7b6aeadc5c547d
zulu-8.19.0.1	zulu8.19.0.1-jdk8.0.112-linux_x64.tar.gz	https://static.azul.com/zulu/bin/zulu8.19.0.1-jdk8.0.112-linux_x64.tar.gz	9ddcfa6d5a549af216cc4efbde972a6d017e72cf1633313921f6a4106c348bc5
zulu-8.20.0.5	zulu8.20.0.5-jdk8.0.121-linux_x64.tar.gz	https://static.azul.com/zulu/bin/zulu8.20.0.5-jdk8.0.121-linux_x64.tar.gz	7fdfb17d890406470b2303d749d3138e7f353749e67a0a22f542e1ab3e482745
zulu-8.21.0.1	zulu8.21.0.1-jdk8.0.131-linux_x64.tar.gz	https://static.azul.com/zulu/bin/zulu8.21.0.1-jdk8.0.131-linux_x64.tar.gz	17218c6bdd608b5714ffba9d5e28522bb2efc309266ba46232b8b918e6e62133
zulu-8.23.0.3	zulu8.23.0.3-jdk8.0.144-linux_x64.tar.gz	https://static.azul.com/zulu/bin/zulu8.23.0.3-jdk8.0.144-linux_x64.tar.gz	7e6284739c0e5b7142bc7a9adc61ced70dc5bb26b130b582b18e809013bcb251
zulu-8.25.0.1	zulu8.25.0.1-jdk8.0.152-linux_x64.tar.gz	https://static.azul.com/zulu/bin/zulu8.25.0.1-jdk8.0.152-linux_x64.tar.gz	57911a136fedc476a8b505d00c364913bf4cf5b7a50ef6913334362bc219e21a
zulu-8.27.0.7	zulu8.27.0.7-jdk8.0.162-linux_x64.tar.gz	https://static.azul.com/zulu/bin/zulu8.27.0.7-jdk8.0.162-linux_x64.tar.gz	8940e6e12a326ede65e55a0fd3815387862e3fa42684eb49cb3b52fbde8b0c4f
zulu-8.28.0.1	zulu8.28.0.1-jdk8.0.163-linux_x64.tar.gz	https://static.azul.com/zulu/bin/zulu8.28.0.1-jdk8.0.163-linux_x64.tar.gz	85b81652b3fe8cfb0a2cfb835988672bde7844f613dae5b9487b5b44921a1afd
zulu-8.30.0.1	zulu8.30.0.1-jdk8.0.172-linux_x64.tar.gz	https://static.azul.com/zulu/bin/zulu8.30.0.1-jdk8.0.172-linux_x64.tar.gz	65a1b180ad46c5a1cc2f9ffff29b85d682c0e937b7b964b557f2a3b9084de5b9
zulu-8.31.0.1	zulu8.31.0.1-jdk8.0.181-linux_x64.tar.gz	https://static.azul.com/zulu/bin/zulu8.31.0.1-jdk8.0.181-linux_x64.tar.gz	ccc9cff02b8f57ff3bc83c4580a5e5948460212dfbd21f1b4b1702b5bbf81079
zulu-8.33.0.1	zulu8.33.0.1-jdk8.0.192-linux_x64.tar.gz	https://static.azul.com/zulu/bin/zulu8.33.0.1-jdk8.0.192-linux_x64.tar.gz	95a33bfc8de5b88b07d29116edd4485a59182921825e193f68fe494b03ab3523
zulu-8.34.0.1	zulu8.34.0.1-ca-jdk8.0.201-linux_x64.tar.gz	https://static.azul.com/zulu/bin/zulu8.34.0.1-ca-jdk8.0.201-linux_x64.tar.gz	111c94bee5e2f61104b421f1c113ffc80f17fec285dbad7f91d446c35b413cad
zulu-8.36.0.1	zulu8.36.0.1-ca-jdk8.0.202-linux_x64.tar.gz	https://static.azul.com/zulu/bin/zulu8.36.0.1-ca-jdk8.0.202-linux_x64.tar.gz	a0e6e5ee2853b03f6db299e5a5b6350a07fe495a06491024b7caf95eeed99b15
zulu-8.38.0.13	zulu8.38.0.13-ca-jdk8.0.212-linux_x64.tar.gz	https://static.azul.com/zulu/bin/zulu8.38.0.13-ca-jdk8.0.212-linux_x64.tar.gz	568e7578f1b20b1e62a8ed2c374bad4eb0e75d221323ccfa6ba8d7bc56cf33cf
zulu-8.40.0.25	zulu8.40.0.25-ca-jdk8.0.222-linux_x64.tar.gz	https://static.azul.com/zulu/bin/zulu8.40.0.25-ca-jdk8.0.222-linux_x64.tar.gz	7dcbd34462cdceadc323818d08dc0b28a369fcc7408ff0acf55720758036839b
zulu-8.42.0.21	zulu8.42.0.21-ca-jdk8.0.232-linux_x64.tar.gz	https://static.azul.com/zulu/bin/zulu8.42.0.21-ca-jdk8.0.232-linux_x64.tar.gz	7502597c47b1f50c3030635703cf01c1db9e67e1e8714e6b35759fc7b55cb71e
zulu-8.42.0.23	zulu8.42.0.23-ca-jdk8.0.232-linux_x64.tar.gz	https://static.azul.com/zulu/bin/zulu8.42.0.23-ca-jdk8.0.232-linux_x64.tar.gz	e6a9d177933d45f9f1d38bf14e098b5a3fe4806d9efb549066d1cfb4b03fe56f
zulu-8.44.0.11	zulu8.44.0.11-ca-jdk8.0.242-linux_x64.tar.gz	https://static.azul.com/zulu/bin/zulu8.44.0.11-ca-jdk8.0.242-linux_x64.tar.gz	2db117fcaeec0ccd00d08fc3bb374aa15d871a01120d7090cf91fe9764756ae9
zulu-8.44.0.11	zulu8.44.0.11-ca-jdk8.0.242-linux_x64.zip	https://static.azul.com/zulu/bin/zulu8.44.0.11-ca-jdk8.0.242-linux_x64.zip	d901025c03d49deb28778aaec0631722247068d65c13d5babc2ecb56fcf41d55
zulu-8.46.0.19	zulu8.46.0.19-ca-jdk8.0.252-linux_x64.tar.gz	https://static.azul.com/zulu/bin/zulu8.46.0.19-ca-jdk8.0.252-linux_x64.tar.gz	ab8a4194006f12dd48bf7f176ca7879706d3f8fc7d3208313a46cc9ee2270716
zulu-8.46.0.19	zulu8.46.0.19-ca-jdk8.0.252-linux_x64.zip	https://static.azul.com/zulu/bin/zulu8.46.0.19-ca-jdk8.0.252-linux_x64.zip	ab9df193a482152ec9b7d5f37cc07637190e623efe5aaba240f0f4c2239d1046
zulu-9.0.0.15	zulu9.0.0.15-jdk9.0.0-linux_x64.tar.gz	https://static.azul.com/zulu/bin/zulu9.0.0.15-jdk9.0.0-linux_x64.tar.gz	1127b8d4c3de787115d8819a8dce33720c48b377ca41a21beeb6415f46c83b69
zulu-9.0.1.3	zulu9.0.1.3-jdk9.0.1-linux_x64.tar.gz	https://static.azul.com/zulu/bin/zulu9.0.1.3-jdk9.0.1-linux_x64.tar.gz	a68605e467a516309fe44bedfb07973d145e918fc25d410cf2c795d922d6f82e
zulu-9.0.4.1	zulu9.0.4.1-jdk9.0.4-linux_x64.tar.gz	https://static.azul.com/zulu/bin/zulu9.0.4.1-jdk9.0.4-linux_x64.tar.gz	01485d60cf1c9f0eed40362da18b357e95d473a438b95f1e55ce8b7f27fffbda
zulu-9.0.7.1	zulu9.0.7.1-jdk9.0.7-linux_x64.tar.gz	https://static.azul.com/zulu/bin/zulu9.0.7.1-jdk9.0.7-linux_x64.tar.gz	45f2dfbee93b91b1468cf81d843fc6d9a47fef1f831c0b7ceff4f1eb6e6851c8
zulu-10.1+11	zulu10.1+11-jdk10-linux_x64.tar.gz	https://static.azul.com/zulu/bin/zulu10.1+11-jdk10-linux_x64.tar.gz	a8bebc6c25f6181cb25866fd83e83eac04e972aec3d36293a0cac6c3beb0a13c
zulu-10.1+11	zulu10.1+11-jdk10.0.0-linux_x64.tar.gz	https://static.azul.com/zulu/bin/zulu10.1+11-jdk10.0.0-linux_x64.tar.gz	a8bebc6c25f6181cb25866fd83e83eac04e972aec3d36293a0cac6c3beb0a13c
zulu-10.2+3	zulu10.2+3-jdk10.0.1-linux_x64.tar.gz	https://static.azul.com/zulu/bin/zulu10.2+3-jdk10.0.1-linux_x64.tar.gz	b3c2d762091a615b0c1424ebbd05d75cc114da3bf4f25a0dec5c51ea7e84146f
zulu-10.3+5	zulu10.3+5-jdk10.0.2-linux_x64.tar.gz	https://static.azul.com/zulu/bin/zulu10.3+5-jdk10.0.2-linux_x64.tar.gz	47ef4b708689f1923a2be9325b17c9df8545a33769a7f11b00dc70f0be4f12ca
zulu-11.2.3	zulu11.2.3-jdk11.0.1-linux_x64.tar.gz	https://static.azul.com/zulu/bin/zulu11.2.3-jdk11.0.1-linux_x64.tar.gz	232b1c3511f0d26e92582b7c3cc363be7ac633e371854ca2f2e9f2b50eb72a75
zulu-11.29.3	zulu11.29.3-ca-jdk11.0.2-linux_x64.tar.gz	https://static.azul.com/zulu/bin/zulu11.29.3-ca-jdk11.0.2-linux_x64.tar.gz	f3f44b6235508e87b760bf37a49e186cc1fa4e9cd28384c4dbf5a33991921e08
zulu-11.29.11	zulu11.29.11-ca-jdk11.0.2-linux_x64.tar.gz	https://static.azul.com/zulu/bin/zulu11.29.11-ca-jdk11.0.2-linux_x64.tar.gz	1f385c53338778b4b05a5db7b86b50cb86ae1db47fb689bfb4907463d6b2a9ac
zulu-11.31.11	zulu11.31.11-ca-jdk11.0.3-linux_x64.tar.gz	https://static.azul.com/zulu/bin/zulu11.31.11-ca-jdk11.0.3-linux_x64.tar.gz	ddb0fd4526089cf1ce2db36282c282263f587a9e8be373fa02f511a12923cc48
zulu-11.33.15	zulu11.33.15-ca-jdk11.0.4-linux_x64.tar.gz	https://static.azul.com/zulu/bin/zulu11.33.15-ca-jdk11.0.4-linux_x64.tar.gz	cd807601c93d2e9c0e524b251d277da0add8026c4a7fb9908c72dcc19135edc6
zulu-11.35.13	zulu11.35.13-ca-jdk11.0.5-linux_x64.tar.gz	https://static.azul.com/zulu/bin/zulu11.35.13-ca-jdk11.0.5-linux_x64.tar.gz	074a063576f5941c9b28d6fa2dbc9cedf3182ec2761393adfe081cf2980383e4
zulu-11.35.15	zulu11.35.15-ca-jdk11.0.5-linux_x64.tar.gz	https://static.azul.com/zulu/bin/zulu11.35.15-ca-jdk11.0.5-linux_x64.tar.gz	1f46f59020dc61f8b80bb0fe82cf3f38e515cadc47e1f88f4d504107251e6abc
zulu-11.37.17	zulu11.37.17-ca-jdk11.0.6-linux_x64.tar.gz	https://static.azul.com/zulu/bin/zulu11.37.17-ca-jdk11.0.6-linux_x64.tar.gz	360626cc19063bc411bfed2914301b908a8f77a7919aaea007a977fa8fb3cde1
zulu-11.37.17	zulu11.37.17-ca-jdk11.0.6-linux_x64.zip	https://static.azul.com/zulu/bin/zulu11.37.17-ca-jdk11.0.6-linux_x64.zip	0038707cd44ae1d3f535b20aab35e3cf7286371c0c7644e5d7392b52f45caa0a
zulu-11.39.15	zulu11.39.15-ca-jdk11.0.7-linux_x64.tar.gz	https://static.azul.com/zulu/bin/zulu11.39.15-ca-jdk11.0.7-linux_x64.tar.gz	df0de67998ac0c58b3c9e83c86e2a81daca05dc5adc189d942bc5d3f4691e749
zulu-11.39.15	zulu11.39.15-ca-jdk11.0.7-linux_x64.zip	https://static.azul.com/zulu/bin/zulu11.39.15-ca-jdk11.0.7-linux_x64.zip	afbaa594447596a7fcd78df4ee59436ee19b43e27111e2e5a21a3272a89074cf
zulu-12.1.3	zulu12.1.3-ca-jdk12-linux_x64.tar.gz	https://static.azul.com/zulu/bin/zulu12.1.3-ca-jdk12-linux_x64.tar.gz	87de76e0534c20efe533bfa6aaf4754baed9e5037c753cca784fe5832a1070ab
zulu-12.1.3	zulu12.1.3-ca-jdk12.0.0-linux_x64.tar.gz	https://static.azul.com/zulu/bin/zulu12.1.3-ca-jdk12.0.0-linux_x64.tar.gz	87de76e0534c20efe533bfa6aaf4754baed9e5037c753cca784fe5832a1070ab
zulu-12.2.3	zulu12.2.3-ca-jdk12.0.1-linux_x64.tar.gz	https://static.azul.com/zulu/bin/zulu12.2.3-ca-jdk12.0.1-linux_x64.tar.gz	529c99841d69e11a85aea967ccfb9d0fd40b98c5b68dbe1d059002655e0a9c13
zulu-12.3.11	zulu12.3.11-ca-jdk12.0.2-linux_x64.tar.gz	https://static.azul.com/zulu/bin/zulu12.3.11-ca-jdk12.0.2-linux_x64.tar.gz	660cacbed777b5f9048b1a2d6640422ca5921eddea086bc62cb78e9e453ae994
zulu-13.27.9	zulu13.27.9-ca-jdk13-linux_x64.tar.gz	https://static.azul.com/zulu/bin/zulu13.27.9-ca-jdk13-linux_x64.tar.gz	539489cb9309941ca940c2c1b3227bb10ad7a788eb89e663a6dc0d8def6efe86
zulu-13.27.9	zulu13.27.9-ca-jdk13.0.0-linux_x64.tar.gz	https://static.azul.com/zulu/bin/zulu13.27.9-ca-jdk13.0.0-linux_x64.tar.gz	539489cb9309941ca940c2c1b3227bb10ad7a788eb89e663a6dc0d8def6efe86
zulu-13.28.11	zulu13.28.11-ca-jdk13.0.1-linux_x64.tar.gz	https://static.azul.com/zulu/bin/zulu13.28.11-ca-jdk13.0.1-linux_x64.tar.gz	9532b53972b36f64e5bc9fbadc73be25c75b5b1a06dbc84f8934086d57cbaf48
zulu-13.29.9	zulu13.29.9-ca-jdk13.0.2-linux_x64.tar.gz	https://static.azul.com/zulu/bin/zulu13.29.9-ca-jdk13.0.2-linux_x64.tar.gz	ecb3f9626a9bc810daeb0f4e7d69474b7ae19fe0634658713e009ca6b1f1be98
zulu-13.29.9	zulu13.29.9-ca-jdk13.0.2-linux_x64.zip	https://static.azul.com/zulu/bin/zulu13.29.9-ca-jdk13.0.2-linux_x64.zip	98ace92e06fb4671dbf44d8815c8bb2f23b3cf196218d3b12cfd40e9e847fd3e
zulu-13.31.11	zulu13.31.11-ca-jdk13.0.3-linux_x64.tar.gz	https://static.azul.com/zulu/bin/zulu13.31.11-ca-jdk13.0.3-linux_x64.tar.gz	3e5dc530c9e9466fc76b860d924876ea93bbdae80a12d47649e11dda3dbd9bac
zulu-13.31.11	zulu13.31.11-ca-jdk13.0.3-linux_x64.zip	https://static.azul.com/zulu/bin/zulu13.31.11-ca-jdk13.0.3-linux_x64.zip	e227ee6db9c68bce4fc9d22f62737c49c91e77880c62539431178b540c872400
zulu-14.27.1	zulu14.27.1-ca-jdk14-linux_x64.tar.gz	https://static.azul.com/zulu/bin/zulu14.27.1-ca-jdk14-linux_x64.tar.gz	e92b27bcaed8190af798409895153701cd9aebe2b91de88dd76fc39dad1cbbd3
zulu-14.27.1	zulu14.27.1-ca-jdk14.0.0-linux_x64.tar.gz	https://static.azul.com/zulu/bin/zulu14.27.1-ca-jdk14.0.0-linux_x64.tar.gz	e92b27bcaed8190af798409895153701cd9aebe2b91de88dd76fc39dad1cbbd3
zulu-14.28.21	zulu14.28.21-ca-jdk14.0.1-linux_x64.tar.gz	https://static.azul.com/zulu/bin/zulu14.28.21-ca-jdk14.0.1-linux_x64.tar.gz	48bb8947034cd079ad1ef83335e7634db4b12a26743a0dc314b6b861480777aa
zulu-javafx-8.33.0.1	zulu8.33.0.1-ca-fx-jdk8.0.192-linux_x64.tar.gz	https://static.azul.com/zulu/bin/zulu8.33.0.1-ca-fx-jdk8.0.192-linux_x64.tar.gz	2a83aabecc1c57ea995dd80b16978bfba328d56eb32e6a6f5b336044c39fce9c
zulu-javafx-8.36.0.1	zulu8.36.0.1-ca-fx-jdk8.0.202-linux_x64.tar.gz	https://static.azul.com/zulu/bin/zulu8.36.0.1-ca-fx-jdk8.0.202-linux_x64.tar.gz	f14edaceb426206a8a6a0ed36491183b6c17886efb03a42683301b495bbd6231
zulu-javafx-8.38.0.13	zulu8.38.0.13-ca-fx-jdk8.0.212-linux_x64.tar.gz	https://static.azul.com/zulu/bin/zulu8.38.0.13-ca-fx-jdk8.0.212-linux_x64.tar.gz	b6385c83dbdfe2d474d31c3e6221022b58500327697722ecba080df10fc76e01
zulu-javafx-8.40.0.25	zulu8.40.0.25-ca-fx-jdk8.0.222-linux_x64.tar.gz	https://static.azul.com/zulu/bin/zulu8.40.0.25-ca-fx-jdk8.0.222-linux_x64.tar.gz	b1ade7c9c458ca275bcbbd34e09d29f3585431d7410f153cdd22fe70981aae6b
zulu-javafx-8.42.0.23	zulu8.42.0.23-ca-fx-jdk8.0.232-linux_x64.tar.gz	https://static.azul.com/zulu/bin/zulu8.42.0.23-ca-fx-jdk8.0.232-linux_x64.tar.gz	da21123fd70eba312e71d934e7db760c7c40942c70d382bceef832530be46979
zulu-javafx-8.44.0.13	zulu8.44.0.13-ca-fx-jdk8.0.242-linux_x64.tar.gz	https://static.azul.com/zulu/bin/zulu8.44.0.13-ca-fx-jdk8.0.242-linux_x64.tar.gz	e35bad183b6309384fd440890b4c7888b30670006a6e10ce3d4fefb40fbefc93
zulu-javafx-8.46.0.19	zulu8.46.0.19-ca-fx-jdk8.0.252-linux_x64.tar.gz	https://static.azul.com/zulu/bin/zulu8.46.0.19-ca-fx-jdk8.0.252-linux_x64.tar.gz	03fa80b425b909c64b20157853d66347839ddff1112cce92ec35aa04dbb3432f
zulu-javafx-11.2.5	zulu11.2.5-ca-fx-jdk11.0.1-linux_x64.tar.gz	https://static.azul.com/zulu/bin/zulu11.2.5-ca-fx-jdk11.0.1-linux_x64.tar.gz	144bdcfdca4d1bc782f7c770294ccdf0ad55481bd3b4c672059ed4abbb7d70d6
zulu-javafx-11.29.3	zulu11.29.3-ca-fx-jdk11.0.2-linux_x64.tar.gz	https://static.azul.com/zulu/bin/zulu11.29.3-ca-fx-jdk11.0.2-linux_x64.tar.gz	7c6675e0905021a3270739abfc46a43b4a6fb5dc2315205f1b49f4f1fed16a8c
zulu-javafx-11.31.11	zulu11.31.11-ca-fx-jdk11.0.3-linux_x64.tar.gz	https://static.azul.com/zulu/bin/zulu11.31.11-ca-fx-jdk11.0.3-linux_x64.tar.gz	bd0d8e862e58faa803e5858b7dffe37d69621ec66440c015eeb6c9b50d349e3a
zulu-javafx-11.33.15	zulu11.33.15-ca-fx-jdk11.0.4-linux_x64.tar.gz	https://static.azul.com/zulu/bin/zulu11.33.15-ca-fx-jdk11.0.4-linux_x64.tar.gz	197dfc4d8d67531e45f59ff39483dd960444048cd977bea6d23e0920a406cd9d
zulu-javafx-11.35.15	zulu11.35.15-ca-fx-jdk11.0.5-linux_x64.tar.gz	https://static.azul.com/zulu/bin/zulu11.35.15-ca-fx-jdk11.0.5-linux_x64.tar.gz	20d4c5a8ceea8cb821d3ddbee16d8174e968c1b0ec7b7dcd25386559a2f861fc
zulu-javafx-11.37.17	zulu11.37.17-ca-fx-jdk11.0.6-linux_x64.tar.gz	https://static.azul.com/zulu/bin/zulu11.37.17-ca-fx-jdk11.0.6-linux_x64.tar.gz	cb69389d3dd015c2b64827dfc22b7d74848990c2af5f7e34f8c19e5b7babe402
zulu-javafx-11.37.19	zulu11.37.19-ca-fx-jdk11.0.6-linux_x64.tar.gz	https://static.azul.com/zulu/bin/zulu11.37.19-ca-fx-jdk11.0.6-linux_x64.tar.gz	b8c19acc20d44bb13e4716d4aeafa6d97f4bf47e750d0fa2ac31356738a1a917
zulu-javafx-11.39.15	zulu11.39.15-ca-fx-jdk11.0.7-linux_x64.tar.gz	https://static.azul.com/zulu/bin/zulu11.39.15-ca-fx-jdk11.0.7-linux_x64.tar.gz	10779acfec2001a069a131ae7e508580792762f9cb54f70bcb29b47c43d84480
zulu-javafx-13.29.11	zulu13.29.11-ca-fx-jdk13.0.2-linux_x64.tar.gz	https://static.azul.com/zulu/bin/zulu13.29.11-ca-fx-jdk13.0.2-linux_x64.tar.gz	9c67b3ca46d7ff93213c35f4aad975937cfd97792f66574d7d5a05b10a556193
zulu-javafx-13.31.11	zulu13.31.11-ca-fx-jdk13.0.3-linux_x64.tar.gz	https://static.azul.com/zulu/bin/zulu13.31.11-ca-fx-jdk13.0.3-linux_x64.tar.gz	d38e5ac9fd8306f30228dc6cddf56baba9d53b467a57b7215b68fcaffd288a95
zulu-musl-8.33.0.1	zulu8.33.0.1-jdk8.0.192-linux_musl_x64.tar.gz	https://static.azul.com/zulu/bin/zulu8.33.0.1-jdk8.0.192-linux_musl_x64.tar.gz	c4db136324def61e1554faaa27ae23cab158084a34c57e88cab28859c52714a1
zulu-musl-8.34.0.1	zulu8.34.0.1-ca-jdk8.0.201-linux_musl_x64.tar.gz	https://static.azul.com/zulu/bin/zulu8.34.0.1-ca-jdk8.0.201-linux_musl_x64.tar.gz	9a8008b31891bcbac1442a06bc1a62b36453067cd02812613156d853559d0678
zulu-musl-8.36.0.1	zulu8.36.0.1-ca-jdk8.0.202-linux_musl_x64.tar.gz	https://static.azul.com/zulu/bin/zulu8.36.0.1-ca-jdk8.0.202-linux_musl_x64.tar.gz	e2ffa559291cbfdc1ae9fa769a33405cb6f13ec6eb920ab9df04e408a2071d91
zulu-musl-8.36.0.3	zulu8.36.0.3-ca-jdk8.0.202-linux_musl_x64.tar.gz	https://static.azul.com/zulu/bin/zulu8.36.0.3-ca-jdk8.0.202-linux_musl_x64.tar.gz	cb6963e762ca00467af75d1c400492b0899a4068a9e4f1fb3dd49b90af73ee03
zulu-musl-8.38.0.13	zulu8.38.0.13-ca-jdk8.0.212-linux_musl_x64.tar.gz	https://static.azul.com/zulu/bin/zulu8.38.0.13-ca-jdk8.0.212-linux_musl_x64.tar.gz	5f0c0c2ceb249d17678576d5b6d21e1c56f0daf3c84b95accb157384018618a6
zulu-musl-8.40.0.25	zulu8.40.0.25-ca-jdk8.0.222-linux_musl_x64.tar.gz	https://static.azul.com/zulu/bin/zulu8.40.0.25-ca-jdk8.0.222-linux_musl_x64.tar.gz	80fcc823ca4e86cf2969937403c763375f7eff9f543fc5d2854daca0098bfa68
zulu-musl-8.42.0.21	zulu8.42.0.21-ca-jdk8.0.232-linux_musl_x64.tar.gz	https://static.azul.com/zulu/bin/zulu8.42.0.21-ca-jdk8.0.232-linux_musl_x64.tar.gz	5b0f5e9a78e721ddfaabf26cedc40750309bd4e093cefa8caebd1f2b7e3b2007
zulu-musl-8.42.0.23	zulu8.42.0.23-ca-jdk8.0.232-linux_musl_x64.tar.gz	https://static.azul.com/zulu/bin/zulu8.42.0.23-ca-jdk8.0.232-linux_musl_x64.tar.gz	2735d6e456b9194ec8843e5874ef2820e9e54d00aa4cb19c01174722d65ad7a5
zulu-musl-8.44.0.11	zulu8.44.0.11-ca-jdk8.0.242-linux_musl_x64.tar.gz	https://static.azul.com/zulu/bin/zulu8.44.0.11-ca-jdk8.0.242-linux_musl_x64.tar.gz	1910df13769824abdf82ce565e3150d6c2fa455f752133b092e5e800caef5f80
zulu-musl-8.46.0.19	zulu8.46.0.19-ca-jdk8.0.252-linux_musl_x64.tar.gz	https://static.azul.com/zulu/bin/zulu8.46.0.19-ca-jdk8.0.252-linux_musl_x64.tar.gz	306ec531eed55c119321dcd9ae7664a110d98955afc571d5d19ad6b69172a705
zulu-musl-11.2.3	zulu11.2.3-jdk11.0.1-linux_musl_x64.tar.gz	https://static.azul.com/zulu/bin/zulu11.2.3-jdk11.0.1-linux_musl_x64.tar.gz	871d176655466de8d460d8f1c1d24182609818056e3e892086e0312c58f1626b
zulu-musl-11.29.3	zulu11.29.3-ca-jdk11.0.2-linux_musl_x64.tar.gz	https://static.azul.com/zulu/bin/zulu11.29.3-ca-jdk11.0.2-linux_musl_x64.tar.gz	eba6b1ee7302a7e509a9f28ed4fa2359e29431aed8dcc43b1145a8c8a3847791
zulu-musl-11.29.11	zulu11.29.11-ca-jdk11.0.2-linux_musl_x64.tar.gz	https://static.azul.com/zulu/bin/zulu11.29.11-ca-jdk11.0.2-linux_musl_x64.tar.gz	23e40024dd7474713121c07f71b4709ad6ef7ad90bcdbe8fc7ef58b558453679
zulu-musl-11.31.11	zulu11.31.11-ca-jdk11.0.3-linux_musl_x64.tar.gz	https://static.azul.com/zulu/bin/zulu11.31.11-ca-jdk11.0.3-linux_musl_x64.tar.gz	b80079a77e3be7bedaab67cb4005b51da429fc779cbbdd369a36ae1356d73273
zulu-musl-11.33.15	zulu11.33.15-ca-jdk11.0.4-linux_musl_x64.tar.gz	https://static.azul.com/zulu/bin/zulu11.33.15-ca-jdk11.0.4-linux_musl_x64.tar.gz	5fbf6921641711033be7725c584af97ba2a61d678598134b5179a65e1224af66
zulu-musl-11.35.13	zulu11.35.13-ca-jdk11.0.5-linux_musl_x64.tar.gz	https://static.azul.com/zulu/bin/zulu11.35.13-ca-jdk11.0.5-linux_musl_x64.tar.gz	873fe24c77ce7303b61dfa7fc8f9ec9afc88110b8fed8f0ef15ffee17da447bc
zulu-musl-11.35.15	zulu11.35.15-ca-jdk11.0.5-linux_musl_x64.tar.gz	https://static.azul.com/zulu/bin/zulu11.35.15-ca-jdk11.0.5-linux_musl_x64.tar.gz	cef8591c619a4bec06a94d0f7e21847b04b97468a8385b6683b3c5fa2641ab57
zulu-musl-11.37.17	zulu11.37.17-ca-jdk11.0.6-linux_musl_x64.tar.gz	https://static.azul.com/zulu/bin/zulu11.37.17-ca-jdk11.0.6-linux_musl_x64.tar.gz	7c97f078d34116e434467026d6740346af79558cc8628f27d36324f8ed67921b
zulu-musl-11.39.15	zulu11.39.15-ca-jdk11.0.7-linux_musl_x64.tar.gz	https://static.azul.com/zulu/bin/zulu11.39.15-ca-jdk11.0.7-linux_musl_x64.tar.gz	0de7ac5afede2ddeda399f10c9f9df83f91c9b60481ecf304aa5785ed50f36ce
zulu-musl-12.1.3	zulu12.1.3-ca-jdk12-linux_musl_x64.tar.gz	https://static.azul.com/zulu/bin/zulu12.1.3-ca-jdk12-linux_musl_x64.tar.gz	203e7b287e9a1c44e2f90d7bb9be7ff24c31483ec2c22b5b59b0b2d6eaac6cd3
zulu-musl-12.1.3	zulu12.1.3-ca-jdk12.0.0-linux_musl_x64.tar.gz	https://static.azul.com/zulu/bin/zulu12.1.3-ca-jdk12.0.0-linux_musl_x64.tar.gz	203e7b287e9a1c44e2f90d7bb9be7ff24c31483ec2c22b5b59b0b2d6eaac6cd3
zulu-musl-12.2.3	zulu12.2.3-ca-jdk12.0.1-linux_musl_x64.tar.gz	https://static.azul.com/zulu/bin/zulu12.2.3-ca-jdk12.0.1-linux_musl_x64.tar.gz	a7870875973fa3168c7b1c254f10d838ef50b1a577d069439538b75c8f0f54cd
zulu-musl-12.3.11	zulu12.3.11-ca-jdk12.0.2-linux_musl_x64.tar.gz	https://static.azul.com/zulu/bin/zulu12.3.11-ca-jdk12.0.2-linux_musl_x64.tar.gz	fd45d907af30b7286d251d78105382c41c4841fcfa273e414ef9df91112bec5c
zulu-musl-13.27.9	zulu13.27.9-ca-jdk13-linux_musl_x64.tar.gz	https://static.azul.com/zulu/bin/zulu13.27.9-ca-jdk13-linux_musl_x64.tar.gz	8356d38d4c26297f039251c4d7971398e649d66b20f56031eccf65e1a984a535
zulu-musl-13.27.9	zulu13.27.9-ca-jdk13.0.0-linux_musl_x64.tar.gz	https://static.azul.com/zulu/bin/zulu13.27.9-ca-jdk13.0.0-linux_musl_x64.tar.gz	8356d38d4c26297f039251c4d7971398e649d66b20f56031eccf65e1a984a535
zulu-musl-13.28.11	zulu13.28.11-ca-jdk13.0.1-linux_musl_x64.tar.gz	https://static.azul.com/zulu/bin/zulu13.28.11-ca-jdk13.0.1-linux_musl_x64.tar.gz	32cf1eae0bb3f0d9897e635145c3c005feb16e53db0a4914300e2fd8162d9a60
zulu-musl-13.29.9	zulu13.29.9-ca-jdk13.0.2-linux_musl_x64.tar.gz	https://static.azul.com/zulu/bin/zulu13.29.9-ca-jdk13.0.2-linux_musl_x64.tar.gz	fae6305fb61909b9abbc1597f104c37bffef6ca2264cd6eb783278785d165ba2
zulu-musl-13.31.11	zulu13.31.11-ca-jdk13.0.3-linux_musl_x64.tar.gz	https://static.azul.com/zulu/bin/zulu13.31.11-ca-jdk13.0.3-linux_musl_x64.tar.gz	ceafd6930d7189272a6483e6ea1dbb812de3def4ccbafaeec1df2c6eec36ca3b
zulu-musl-14.27.1	zulu14.27.1-ca-jdk14-linux_musl_x64.tar.gz	https://static.azul.com/zulu/bin/zulu14.27.1-ca-jdk14-linux_musl_x64.tar.gz	e4c4a654d3a1921300283f50bbeb31c8e4709c63b88b645e643593da5ec9ec4c
zulu-musl-14.27.1	zulu14.27.1-ca-jdk14.0.0-linux_musl_x64.tar.gz	https://static.azul.com/zulu/bin/zulu14.27.1-ca-jdk14.0.0-linux_musl_x64.tar.gz	e4c4a654d3a1921300283f50bbeb31c8e4709c63b88b645e643593da5ec9ec4c
zulu-musl-14.28.21	zulu14.28.21-ca-jdk14.0.1-linux_musl_x64.tar.gz	https://static.azul.com/zulu/bin/zulu14.28.21-ca-jdk14.0.1-linux_musl_x64.tar.gz	e66921378a3ef9bc6a21fe5351da3770d5f5826279c2f0a2704fc7a04dd2ac3a
