adoptopenjdk-8.0.191+12	OpenJDK8U-jdk_aarch64_linux_hotspot_8u191b12.tar.gz	https://github.com/AdoptOpenJDK/openjdk8-binaries/releases/download/jdk8u191-b12/OpenJDK8U-jdk_aarch64_linux_hotspot_8u191b12.tar.gz	8eee0aede947b804f9a5f49c8a38b52aace8a30a9ebd9383b7d06042fb5a237c
adoptopenjdk-8.0.222+10.1	OpenJDK8U-jdk_aarch64_linux_hotspot_8u222b10.tar.gz	https://github.com/AdoptOpenJDK/openjdk8-binaries/releases/download/jdk8u222-b10/OpenJDK8U-jdk_aarch64_linux_hotspot_8u222b10.tar.gz	652776586ede124189dc218174b5922cc97feac81021ad81905900b349a352d2
adoptopenjdk-8.0.232+9.1	OpenJDK8U-jdk_aarch64_linux_hotspot_8u232b09.tar.gz	https://github.com/AdoptOpenJDK/openjdk8-binaries/releases/download/jdk8u232-b09/OpenJDK8U-jdk_aarch64_linux_hotspot_8u232b09.tar.gz	35799a2fd4b467115aff1bc3a54853b5131ba9068e53e1ab0fbe5521a3f2ba83
adoptopenjdk-8.0.242+8.1	OpenJDK8U-jdk_aarch64_linux_hotspot_jdk8u242-b08.tar.gz	https://github.com/AdoptOpenJDK/openjdk8-binaries/releases/download/jdk8u242-b08/OpenJDK8U-jdk_aarch64_linux_hotspot_jdk8u242-b08.tar.gz	a2314de7f0120c9bdc69aec2198428a2deeb9ad977fc6801f89d0ec8382d65a5
adoptopenjdk-8.0.252+9.1	OpenJDK8U-jdk_aarch64_linux_hotspot_8u252b09.tar.gz	https://github.com/AdoptOpenJDK/openjdk8-binaries/releases/download/jdk8u252-b09/OpenJDK8U-jdk_aarch64_linux_hotspot_8u252b09.tar.gz	536bf397d98174b376da9ed49d2f659d65c7310318d8211444f4b7ba7c15e453
adoptopenjdk-8.0.262+10	OpenJDK8U-jdk_aarch64_linux_hotspot_8u262b10.tar.gz	https://github.com/AdoptOpenJDK/openjdk8-binaries/releases/download/jdk8u262-b10/OpenJDK8U-jdk_aarch64_linux_hotspot_8u262b10.tar.gz	7be0b2a4c749a277302a54b456624c076b3a5b990ad502e2a72d803ab31aecab
adoptopenjdk-8.0.265+1	OpenJDK8U-jdk_aarch64_linux_hotspot_8u265b01.tar.gz	https://github.com/AdoptOpenJDK/openjdk8-binaries/releases/download/jdk8u265-b01/OpenJDK8U-jdk_aarch64_linux_hotspot_8u265b01.tar.gz	87d16dac293d2a9abbb559a277bfaded702f28d1bfdc526f8613bb9cfed84a12
adoptopenjdk-8.0.272+10	OpenJDK8U-jdk_aarch64_linux_hotspot_8u272b10.tar.gz	https://github.com/AdoptOpenJDK/openjdk8-binaries/releases/download/jdk8u272-b10/OpenJDK8U-jdk_aarch64_linux_hotspot_8u272b10.tar.gz	cfbde5191027c6d25af44af8a3d64625c6e22422dea8c4af6fe9240e7e249baa
adoptopenjdk-8.0.272-ea+10.openj9-0.23.0	OpenJDK8U-jdk_aarch64_linux_openj9_8u272b10_openj9-0.23.0.tar.gz	https://github.com/AdoptOpenJDK/openjdk8-binaries/releases/download/jdk8u272-b10_openj9-0.23.0/OpenJDK8U-jdk_aarch64_linux_openj9_8u272b10_openj9-0.23.0.tar.gz	bbc78dc8caf25372578a95287bcf672c4bf62af23939d4a988634b2a1356cd89
adoptopenjdk-8.0.275+1	OpenJDK8U-jdk_aarch64_linux_hotspot_8u275b01.tar.gz	https://github.com/AdoptOpenJDK/openjdk8-binaries/releases/download/jdk8u275-b01/OpenJDK8U-jdk_aarch64_linux_hotspot_8u275b01.tar.gz	aeade06192ce4544f998b4957cd2c0ed3f9f8eac08b0de5d2ed55c55283364af
adoptopenjdk-8.0.275-ea+1.openj9-0.23.0	OpenJDK8U-jdk_aarch64_linux_openj9_8u275b01_openj9-0.23.0.tar.gz	https://github.com/AdoptOpenJDK/openjdk8-binaries/releases/download/jdk8u275-b01_openj9-0.23.0/OpenJDK8U-jdk_aarch64_linux_openj9_8u275b01_openj9-0.23.0.tar.gz	0e5a8776fb475269c293bb9acf20665a634d9348c6c061109a5afbbfec70e71b
adoptopenjdk-8.0.282-ea+8.openj9-0.24.0	OpenJDK8U-jdk_aarch64_linux_openj9_8u282b08_openj9-0.24.0.tar.gz	https://github.com/AdoptOpenJDK/openjdk8-binaries/releases/download/jdk8u282-b08_openj9-0.24.0/OpenJDK8U-jdk_aarch64_linux_openj9_8u282b08_openj9-0.24.0.tar.gz	e107d3b8092f71ee042284b0fc0f0430ef214916812ce02aa6d549aa81b6dc70
adoptopenjdk-9.0.0+181	OpenJDK9U-jdk_aarch64_linux_hotspot_9_181.tar.gz	https://github.com/AdoptOpenJDK/openjdk9-binaries/releases/download/jdk-9%2B181/OpenJDK9U-jdk_aarch64_linux_hotspot_9_181.tar.gz	d1ee522053bb4135536b1d3173be8224bf54563d166e882b7ee2ccf609c2517f
adoptopenjdk-10.0.2+13.1	OpenJDK10U-jdk_aarch64_linux_hotspot_10.0.2_13.tar.gz	https://github.com/AdoptOpenJDK/openjdk10-binaries/releases/download/jdk-10.0.2%2B13.1/OpenJDK10U-jdk_aarch64_linux_hotspot_10.0.2_13.tar.gz	a4fc4e7a9204d6f450c71f0e82f3bf77571a6c52ae612227f99733848e893612
adoptopenjdk-11.0.0+28	OpenJDK11-jdk_aarch64_linux_hotspot_11_28.tar.gz	https://github.com/AdoptOpenJDK/openjdk11-binaries/releases/download/jdk-11%2B28/OpenJDK11-jdk_aarch64_linux_hotspot_11_28.tar.gz	07332180068756f3afd287701499ed7e9194fd9e5797a3104f57b21291eae7ea
adoptopenjdk-11.0.1+13	OpenJDK11U-jdk_aarch64_linux_hotspot_11.0.1_13.tar.gz	https://github.com/AdoptOpenJDK/openjdk11-binaries/releases/download/jdk-11.0.1%2B13/OpenJDK11U-jdk_aarch64_linux_hotspot_11.0.1_13.tar.gz	b66121b9a0c2e7176373e670a499b9d55344bcb326f67140ad6d0dc24d13d3e2
adoptopenjdk-11.0.2+7	OpenJDK11U-jdk_aarch64_linux_hotspot_11.0.2_7.tar.gz	https://github.com/AdoptOpenJDK/openjdk11-binaries/releases/download/jdk-11.0.2%2B7/OpenJDK11U-jdk_aarch64_linux_hotspot_11.0.2_7.tar.gz	95b14e954f96185d02afda1a3ab146011076a4d97b457c9333556bd5d9263c41
adoptopenjdk-11.0.2+9	OpenJDK11U-jdk_aarch64_linux_hotspot_11.0.2_9.tar.gz	https://github.com/AdoptOpenJDK/openjdk11-binaries/releases/download/jdk-11.0.2%2B9/OpenJDK11U-jdk_aarch64_linux_hotspot_11.0.2_9.tar.gz	ec831631ea76ba32d17baf10a05b53716beb66e040a42cb317deaf0624f3e974
adoptopenjdk-11.0.3+7	OpenJDK11U-jdk_aarch64_linux_hotspot_11.0.3_7.tar.gz	https://github.com/AdoptOpenJDK/openjdk11-binaries/releases/download/jdk-11.0.3%2B7/OpenJDK11U-jdk_aarch64_linux_hotspot_11.0.3_7.tar.gz	894a846600ddb0df474350037a2fb43e3343dc3606809a20c65e750580d8f2b9
adoptopenjdk-11.0.4+11.1	OpenJDK11U-jdk_aarch64_linux_hotspot_11.0.4_11.tar.gz	https://github.com/AdoptOpenJDK/openjdk11-binaries/releases/download/jdk-11.0.4%2B11/OpenJDK11U-jdk_aarch64_linux_hotspot_11.0.4_11.tar.gz	10e33e1862638e11a9158947b3d7b461727d8e396e378b171be1eb4dfe12f1ed
adoptopenjdk-11.0.6+10.1	OpenJDK11U-jdk_aarch64_linux_hotspot_11.0.6_10.tar.gz	https://github.com/AdoptOpenJDK/openjdk11-binaries/releases/download/jdk-11.0.6%2B10/OpenJDK11U-jdk_aarch64_linux_hotspot_11.0.6_10.tar.gz	04b77f6754aed68528f39750c5cfd6a439190206aff216aa081d62a0e1a794fa
adoptopenjdk-11.0.7+10.1	OpenJDK11U-jdk_aarch64_linux_hotspot_11.0.7_10.tar.gz	https://github.com/AdoptOpenJDK/openjdk11-binaries/releases/download/jdk-11.0.7%2B10/OpenJDK11U-jdk_aarch64_linux_hotspot_11.0.7_10.tar.gz	3b8b8bba6a0472ec7de5271cbf67f11e6ab525de6dd5d4729300375f1d56b7a1
adoptopenjdk-11.0.7-ea+10.1.openj9-0.20.0	OpenJDK11U-jdk_aarch64_linux_openj9_11.0.7_10_openj9-0.20.0.tar.gz	https://github.com/AdoptOpenJDK/openjdk11-binaries/releases/download/jdk-11.0.7%2B10_openj9-0.20.0/OpenJDK11U-jdk_aarch64_linux_openj9_11.0.7_10_openj9-0.20.0.tar.gz	0be01fdcae330e26c489d8d0d0c98c535a2af8cbd0cdcda211776ab9fcd05086
adoptopenjdk-11.0.8+10	OpenJDK11U-jdk_aarch64_linux_hotspot_11.0.8_10.tar.gz	https://github.com/AdoptOpenJDK/openjdk11-binaries/releases/download/jdk-11.0.8%2B10/OpenJDK11U-jdk_aarch64_linux_hotspot_11.0.8_10.tar.gz	fb27ea52ed901c14c9fe8ad2fc10b338b8cf47d6762571be1fe3fb7c426bab7c
adoptopenjdk-11.0.8-ea+10.openj9-0.21.0	OpenJDK11U-jdk_aarch64_linux_openj9_11.0.8_10_openj9-0.21.0.tar.gz	https://github.com/AdoptOpenJDK/openjdk11-binaries/releases/download/jdk-11.0.8%2B10_openj9-0.21.0/OpenJDK11U-jdk_aarch64_linux_openj9_11.0.8_10_openj9-0.21.0.tar.gz	b4bad13c0d9c2fbb1954fcddae9ccc5a32c609f2b48bf43ecaa5f39915390604
adoptopenjdk-11.0.9+11	OpenJDK11U-jdk_aarch64_linux_hotspot_11.0.9_11.tar.gz	https://github.com/AdoptOpenJDK/openjdk11-binaries/releases/download/jdk-11.0.9%2B11/OpenJDK11U-jdk_aarch64_linux_hotspot_11.0.9_11.tar.gz	16823192c576d4cdb63d44f87af9653995a6588704d43cb9c0c7a6d00f80c49d
adoptopenjdk-11.0.9+101	OpenJDK11U-jdk_aarch64_linux_hotspot_11.0.9.1_1.tar.gz	https://github.com/AdoptOpenJDK/openjdk11-binaries/releases/download/jdk-11.0.9.1%2B1/OpenJDK11U-jdk_aarch64_linux_hotspot_11.0.9.1_1.tar.gz	e9cea040cdf5d9b0a2986feaf87662e1aef68e876f4d66664cb2be36e26db412
adoptopenjdk-11.0.9-ea+11.openj9-0.23.0	OpenJDK11U-jdk_aarch64_linux_openj9_11.0.9_11_openj9-0.23.0.tar.gz	https://github.com/AdoptOpenJDK/openjdk11-binaries/releases/download/jdk-11.0.9%2B11_openj9-0.23.0/OpenJDK11U-jdk_aarch64_linux_openj9_11.0.9_11_openj9-0.23.0.tar.gz	f0426b6d37085d471a7f577ce6f28af7cc8fe35b9b0b09a5111eccaed80a0447
adoptopenjdk-11.0.10+9	OpenJDK11U-jdk_aarch64_linux_hotspot_11.0.10_9.tar.gz	https://github.com/AdoptOpenJDK/openjdk11-binaries/releases/download/jdk-11.0.10%2B9/OpenJDK11U-jdk_aarch64_linux_hotspot_11.0.10_9.tar.gz	420c5d1e5dc66b2ed7dedd30a7bdf94bfaed10d5e1b07dc579722bf60a8114a9
adoptopenjdk-11.0.10-ea+9.openj9-0.24.0	OpenJDK11U-jdk_aarch64_linux_openj9_11.0.10_9_openj9-0.24.0.tar.gz	https://github.com/AdoptOpenJDK/openjdk11-binaries/releases/download/jdk-11.0.10%2B9_openj9-0.24.0/OpenJDK11U-jdk_aarch64_linux_openj9_11.0.10_9_openj9-0.24.0.tar.gz	0ce9a8c38d154540610dfe03e59389734deb91c5cb9258408404c5026d4afa41
adoptopenjdk-12.0.0+33	OpenJDK12U-jdk_aarch64_linux_hotspot_12_33.tar.gz	https://github.com/AdoptOpenJDK/openjdk12-binaries/releases/download/jdk-12%2B33/OpenJDK12U-jdk_aarch64_linux_hotspot_12_33.tar.gz	53067804b3ce20064244616b80593cbbcbe1dbf13bdd76d1f54ce4c8e6d69b70
adoptopenjdk-12.0.1+12	OpenJDK12U-jdk_aarch64_linux_hotspot_12.0.1_12.tar.gz	https://github.com/AdoptOpenJDK/openjdk12-binaries/releases/download/jdk-12.0.1%2B12/OpenJDK12U-jdk_aarch64_linux_hotspot_12.0.1_12.tar.gz	b1d58d593ac4c1b2d5dab0e8302ed4e07d5281c6c0cf1413b1604269bedec9c5
adoptopenjdk-12.0.2+10.1	OpenJDK12U-jdk_aarch64_linux_hotspot_12.0.2_10.tar.gz	https://github.com/AdoptOpenJDK/openjdk12-binaries/releases/download/jdk-12.0.2%2B10/OpenJDK12U-jdk_aarch64_linux_hotspot_12.0.2_10.tar.gz	855f046afc5a5230ad6da45a5c811194267acd1748f16b648bfe5710703fe8c6
adoptopenjdk-13.0.0+33.1	OpenJDK13U-jdk_aarch64_linux_hotspot_13_33.tar.gz	https://github.com/AdoptOpenJDK/openjdk13-binaries/releases/download/jdk-13%2B33/OpenJDK13U-jdk_aarch64_linux_hotspot_13_33.tar.gz	74f4110333ac4239564ed864b1d7d69b7af32af39efcfbde9816e1486cb5ae07
adoptopenjdk-13.0.1+9.1	OpenJDK13U-jdk_aarch64_linux_hotspot_13.0.1_9.tar.gz	https://github.com/AdoptOpenJDK/openjdk13-binaries/releases/download/jdk-13.0.1%2B9/OpenJDK13U-jdk_aarch64_linux_hotspot_13.0.1_9.tar.gz	f0cfd0d807a10e6128cf1b0ead1e8ae3702ac702d9b4d13914bbce2be06947bb
adoptopenjdk-13.0.2+8.1	OpenJDK13U-jdk_aarch64_linux_hotspot_13.0.2_8.tar.gz	https://github.com/AdoptOpenJDK/openjdk13-binaries/releases/download/jdk-13.0.2%2B8/OpenJDK13U-jdk_aarch64_linux_hotspot_13.0.2_8.tar.gz	0e6081cb51f8a6f3062bef4f4c45dbe1fccfd3f3b4b5d52522a3edb76581e3af
adoptopenjdk-14.0.0+36.1	OpenJDK14U-jdk_aarch64_linux_hotspot_14_36.tar.gz	https://github.com/AdoptOpenJDK/openjdk14-binaries/releases/download/jdk-14%2B36/OpenJDK14U-jdk_aarch64_linux_hotspot_14_36.tar.gz	902899c9c4781a5ef16fc79bf153e9decff595a6597e39e2e4672faf2ec9c99f
adoptopenjdk-14.0.1+7.1	OpenJDK14U-jdk_aarch64_linux_hotspot_14.0.1_7.tar.gz	https://github.com/AdoptOpenJDK/openjdk14-binaries/releases/download/jdk-14.0.1%2B7/OpenJDK14U-jdk_aarch64_linux_hotspot_14.0.1_7.tar.gz	81ca31ad90f9bd789a2ca1753d6d83d10f4927876b4a4b9f4b1c4c8cbce85feb
adoptopenjdk-14.0.2+12	OpenJDK14U-jdk_aarch64_linux_hotspot_14.0.2_12.tar.gz	https://github.com/AdoptOpenJDK/openjdk14-binaries/releases/download/jdk-14.0.2%2B12/OpenJDK14U-jdk_aarch64_linux_hotspot_14.0.2_12.tar.gz	ee87e9f03b1fbe6f328429b78fe1a9f44900026d220c90dfd747fe0bcd62d904
adoptopenjdk-15.0.0+36	OpenJDK15U-jdk_aarch64_linux_hotspot_15_36.tar.gz	https://github.com/AdoptOpenJDK/openjdk15-binaries/releases/download/jdk-15%2B36/OpenJDK15U-jdk_aarch64_linux_hotspot_15_36.tar.gz	44c8cd580f6e828f8fbb431a59b3c8f694da8c75adb7c311f7b6b9ed81c19c54
adoptopenjdk-15.0.1+9	OpenJDK15U-jdk_aarch64_linux_hotspot_15.0.1_9.tar.gz	https://github.com/AdoptOpenJDK/openjdk15-binaries/releases/download/jdk-15.0.1%2B9/OpenJDK15U-jdk_aarch64_linux_hotspot_15.0.1_9.tar.gz	84398a1566d66ee5a88f3326fb7f0b70504eb510190f8f798bdb386481a3900e
adoptopenjdk-15.0.1-ea+9.openj9-0.23.0	OpenJDK15U-jdk_aarch64_linux_openj9_15.0.1_9_openj9-0.23.0.tar.gz	https://github.com/AdoptOpenJDK/openjdk15-binaries/releases/download/jdk-15.0.1%2B9_openj9-0.23.0/OpenJDK15U-jdk_aarch64_linux_openj9_15.0.1_9_openj9-0.23.0.tar.gz	6206643ec4a57597f73880423b72fc06c1018d92cc6b02972ec3ea3fe4d853a2
adoptopenjdk-15.0.2+7	OpenJDK15U-jdk_aarch64_linux_hotspot_15.0.2_7.tar.gz	https://github.com/AdoptOpenJDK/openjdk15-binaries/releases/download/jdk-15.0.2%2B7/OpenJDK15U-jdk_aarch64_linux_hotspot_15.0.2_7.tar.gz	6e8b6b037148cf20a284b5b257ec7bfdf9cc31ccc87778d0dfd95a2fddf228d4
adoptopenjdk-15.0.2-ea+7.openj9-0.24.0	OpenJDK15U-jdk_aarch64_linux_openj9_15.0.2_7_openj9-0.24.0.tar.gz	https://github.com/AdoptOpenJDK/openjdk15-binaries/releases/download/jdk-15.0.2%2B7_openj9-0.24.0/OpenJDK15U-jdk_aarch64_linux_openj9_15.0.2_7_openj9-0.24.0.tar.gz	b69a4bc87ed2e985d252cff02d53f1a11b8d83d39e0800cd4a1cab4521375314
adoptopenjdk-large_heap-11.0.7-ea+10.1.openj9-0.20.0	OpenJDK11U-jdk_aarch64_linux_openj9_linuxXL_11.0.7_10_openj9-0.20.0.tar.gz	https://github.com/AdoptOpenJDK/openjdk11-binaries/releases/download/jdk-11.0.7%2B10_openj9-0.20.0/OpenJDK11U-jdk_aarch64_linux_openj9_linuxXL_11.0.7_10_openj9-0.20.0.tar.gz	84915c6083e856d41438903b6baa0e30e864a029d745775b24058d10b02266c5
adoptopenjdk-large_heap-11.0.8-ea+10.openj9-0.21.0	OpenJDK11U-jdk_aarch64_linux_openj9_linuxXL_11.0.8_10_openj9-0.21.0.tar.gz	https://github.com/AdoptOpenJDK/openjdk11-binaries/releases/download/jdk-11.0.8%2B10_openj9-0.21.0/OpenJDK11U-jdk_aarch64_linux_openj9_linuxXL_11.0.8_10_openj9-0.21.0.tar.gz	ee243c4dc988003896e23908cfad23047d538f6267eaf881f07dfa0b15596644
adoptopenjdk-large_heap-11.0.9-ea+11.openj9-0.23.0	OpenJDK11U-jdk_aarch64_linux_openj9_linuxXL_11.0.9_11_openj9-0.23.0.tar.gz	https://github.com/AdoptOpenJDK/openjdk11-binaries/releases/download/jdk-11.0.9%2B11_openj9-0.23.0/OpenJDK11U-jdk_aarch64_linux_openj9_linuxXL_11.0.9_11_openj9-0.23.0.tar.gz	6c9a0e2ca90904ee4f9dfee4bcd855d055a247a745f819e2497f07086d2a8bb5
adoptopenjdk-large_heap-11.0.10-ea+9.openj9-0.24.0	OpenJDK11U-jdk_aarch64_linux_openj9_linuxXL_11.0.10_9_openj9-0.24.0.tar.gz	https://github.com/AdoptOpenJDK/openjdk11-binaries/releases/download/jdk-11.0.10%2B9_openj9-0.24.0/OpenJDK11U-jdk_aarch64_linux_openj9_linuxXL_11.0.10_9_openj9-0.24.0.tar.gz	b7e91059b608d91bb90a6dcf228189bbae83af40fbc498ce6859aef03e61268a
adoptopenjdk-large_heap-15.0.1-ea+9.openj9-0.23.0	OpenJDK15U-jdk_aarch64_linux_openj9_linuxXL_15.0.1_9_openj9-0.23.0.tar.gz	https://github.com/AdoptOpenJDK/openjdk15-binaries/releases/download/jdk-15.0.1%2B9_openj9-0.23.0/OpenJDK15U-jdk_aarch64_linux_openj9_linuxXL_15.0.1_9_openj9-0.23.0.tar.gz	d411347da3ba73741fd90b47312d43788b62c2344dd7cb127a1dfc91d8387624
adoptopenjdk-large_heap-15.0.2-ea+7.openj9-0.24.0	OpenJDK15U-jdk_aarch64_linux_openj9_linuxXL_15.0.2_7_openj9-0.24.0.tar.gz	https://github.com/AdoptOpenJDK/openjdk15-binaries/releases/download/jdk-15.0.2%2B7_openj9-0.24.0/OpenJDK15U-jdk_aarch64_linux_openj9_linuxXL_15.0.2_7_openj9-0.24.0.tar.gz	0ad9c9938764b82e4b449689335d53b3e1f34268465d73b2596b4ca4dadb10a2
corretto-8.212.04.3	amazon-corretto-8.212.04.3-linux-aarch64.tar.gz	https://d3pxv6yz143wms.cloudfront.net/8.212.04.3/amazon-corretto-8.212.04.3-linux-aarch64.tar.gz	4fa539790ae8473605a5de3144b5027e1e696110f9303dfe2cd9a4397578abb4
corretto-8.222.10.4	amazon-corretto-8.222.10.4-linux-aarch64.tar.gz	https://d3pxv6yz143wms.cloudfront.net/8.222.10.4/amazon-corretto-8.222.10.4-linux-aarch64.tar.gz	96d0c0918587a22f30876c01e7de1e13c7cf20d6f46b37761178ef44699b14c7
corretto-8.232.09.1	amazon-corretto-8.232.09.1-linux-aarch64.tar.gz	https://d3pxv6yz143wms.cloudfront.net/8.232.09.1/amazon-corretto-8.232.09.1-linux-aarch64.tar.gz	378363f890261002c1c354fc0f2630abb53262bbe954090008f6131d3e458b3d
corretto-8.242.07.1	amazon-corretto-8.242.07.1-linux-aarch64.tar.gz	https://corretto.aws/downloads/resources/8.242.07.1/amazon-corretto-8.242.07.1-linux-aarch64.tar.gz	3e1345348001ed87ae1c10889d37253debe735cbd49e3f08501d6a53b946667c
corretto-8.242.08.1	amazon-corretto-8.242.08.1-linux-aarch64.tar.gz	https://corretto.aws/downloads/resources/8.242.08.1/amazon-corretto-8.242.08.1-linux-aarch64.tar.gz	87a8565b0d5cfd8fac012b77d06576a8a73f3b86999b9e30e9cb059deb9eee57
corretto-8.252.09.1	amazon-corretto-8.252.09.1-linux-aarch64.tar.gz	https://corretto.aws/downloads/resources/8.252.09.1/amazon-corretto-8.252.09.1-linux-aarch64.tar.gz	b7f94d6302bc1cd143cf3cec12b9e7a8af022f7447e89914d9ea38ffaa6a3825
corretto-8.262.10.1	amazon-corretto-8.262.10.1-linux-aarch64.tar.gz	https://corretto.aws/downloads/resources/8.262.10.1/amazon-corretto-8.262.10.1-linux-aarch64.tar.gz	9785a258684c01594c47fc534794e1399b0321e15e007adb2ada41e9592f787d
corretto-8.265.01.1	amazon-corretto-8.265.01.1-linux-aarch64.tar.gz	https://corretto.aws/downloads/resources/8.265.01.1/amazon-corretto-8.265.01.1-linux-aarch64.tar.gz	2e3755bac052ad7c502adbaec7823328644af3767abd1169974b144805eb718e
corretto-8.272.10.1	amazon-corretto-8.272.10.1-linux-aarch64.tar.gz	https://corretto.aws/downloads/resources/8.272.10.1/amazon-corretto-8.272.10.1-linux-aarch64.tar.gz	c88aa8b3a6182cb26740903669f49b45dedae3c7872e31484a8487c369f5f25c
corretto-8.272.10.3	amazon-corretto-8.272.10.3-linux-aarch64.tar.gz	https://corretto.aws/downloads/resources/8.272.10.3/amazon-corretto-8.272.10.3-linux-aarch64.tar.gz	d791a9da85e7b49cd892e9e17a5fc9dda3126e13c3486bb3bef82f00a0f4168a
corretto-8.275.01.1	amazon-corretto-8.275.01.1-linux-aarch64.tar.gz	https://corretto.aws/downloads/resources/8.275.01.1/amazon-corretto-8.275.01.1-linux-aarch64.tar.gz	7b86c40410c75de44c311fe127bb1dd02c43040312d66b1363737ab3e7d77011
corretto-8.282.08.1	amazon-corretto-8.282.08.1-linux-aarch64.tar.gz	https://corretto.aws/downloads/resources/8.282.08.1/amazon-corretto-8.282.08.1-linux-aarch64.tar.gz	124875d5d2b3b540d40a584605385c03e71bf57f782baf5130e0bfee18b680c1
corretto-11.0.3.7.1	amazon-corretto-11.0.3.7.1-linux-aarch64.tar.gz	https://d3pxv6yz143wms.cloudfront.net/11.0.3.7.1/amazon-corretto-11.0.3.7.1-linux-aarch64.tar.gz	d4221325b13b6444941d7770e014d46bc096b4c8db7e3d81bb1ee29c9b556e1c
corretto-11.0.4.11.1	amazon-corretto-11.0.4.11.1-linux-aarch64.tar.gz	https://d3pxv6yz143wms.cloudfront.net/11.0.4.11.1/amazon-corretto-11.0.4.11.1-linux-aarch64.tar.gz	7534c8037db02fedef0b7e782cebd661979516bf7fc17dff7befd72548b56795
corretto-11.0.5.10.1	amazon-corretto-11.0.5.10.1-linux-aarch64.tar.gz	https://d3pxv6yz143wms.cloudfront.net/11.0.5.10.1/amazon-corretto-11.0.5.10.1-linux-aarch64.tar.gz	66faadecab14db0d13e8fa87d34e8207847ab5c752800071d4b181a041df42dd
corretto-11.0.6.10.1	amazon-corretto-11.0.6.10.1-linux-aarch64.tar.gz	https://corretto.aws/downloads/resources/11.0.6.10.1/amazon-corretto-11.0.6.10.1-linux-aarch64.tar.gz	37d2292bfca4c741b7ad1e597ecfedf3cbeb0d70e99e8c571e02fed7d3ee78ff
corretto-11.0.7.10.1	amazon-corretto-11.0.7.10.1-linux-aarch64.tar.gz	https://corretto.aws/downloads/resources/11.0.7.10.1/amazon-corretto-11.0.7.10.1-linux-aarch64.tar.gz	0bdb4079cb65f24e617fd2a6a8ce12de8a73056e42967227e9d022926c8d43f3
corretto-11.0.8.10.1	amazon-corretto-11.0.8.10.1-linux-aarch64.tar.gz	https://corretto.aws/downloads/resources/11.0.8.10.1/amazon-corretto-11.0.8.10.1-linux-aarch64.tar.gz	f278647d126d973a841d80b0b6836b723f14c63ee0d0f1804b8d4125843b13ed
corretto-11.0.9.11.1	amazon-corretto-11.0.9.11.1-linux-aarch64.tar.gz	https://corretto.aws/downloads/resources/11.0.9.11.1/amazon-corretto-11.0.9.11.1-linux-aarch64.tar.gz	e7a2a0e7bc43ced7856aed0cba6050577c10fa7c16a4af17ebe993151f49fd67
corretto-11.0.9.12.1	amazon-corretto-11.0.9.12.1-linux-aarch64.tar.gz	https://corretto.aws/downloads/resources/11.0.9.12.1/amazon-corretto-11.0.9.12.1-linux-aarch64.tar.gz	e25669eb74d6c270af303bc0d1d859dd9ff16a0288f00a9d0ba4105467fc9695
corretto-11.0.10.9.1	amazon-corretto-11.0.10.9.1-linux-aarch64.tar.gz	https://corretto.aws/downloads/resources/11.0.10.9.1/amazon-corretto-11.0.10.9.1-linux-aarch64.tar.gz	18f4716151f4786abe6b185aab2cc5f5ad7b15f899d7eb143a81ccda8690f6f6
corretto-15.0.0.36.1	amazon-corretto-15.0.0.36.1-linux-aarch64.tar.gz	https://corretto.aws/downloads/resources/15.0.0.36.1/amazon-corretto-15.0.0.36.1-linux-aarch64.tar.gz	32a560d48ab17630e5c48802f9c7466b302a8f47282c16bd8158c964a59aae26
corretto-15.0.1.9.1	amazon-corretto-15.0.1.9.1-linux-aarch64.tar.gz	https://corretto.aws/downloads/resources/15.0.1.9.1/amazon-corretto-15.0.1.9.1-linux-aarch64.tar.gz	e5112fec0f4e6f3de048c5bd6a9a690dd07344436985755636df6dc18b4bfb62
corretto-15.0.2.7.1	amazon-corretto-15.0.2.7.1-linux-aarch64.tar.gz	https://corretto.aws/downloads/resources/15.0.2.7.1/amazon-corretto-15.0.2.7.1-linux-aarch64.tar.gz	e339a815ae76334f75140f7dc8b206d1e9f65f35bc301ccd8c7fe8f6e9314e0a
dragonwell-8.5.5	Alibaba_Dragonwell_8.5.5-GA_Linux_aarch64.tar.gz	https://github.com/alibaba/dragonwell8/releases/download/dragonwell-8.5.5_jdk8u275-ga/Alibaba_Dragonwell_8.5.5-GA_Linux_aarch64.tar.gz	871172e09b470661de6960702cc2d0a536cf42dd13522ec759ea78aac6087985
graalvm-19.3.0+java11	graalvm-ce-java11-linux-aarch64-19.3.0.tar.gz	https://github.com/graalvm/graalvm-ce-builds/releases/download/vm-19.3.0/graalvm-ce-java11-linux-aarch64-19.3.0.tar.gz	7df04806f8025815f5097c3c84393ad31a96d304e60a6ce21aae175e0c0a092a
graalvm-19.3.0.2+java11	graalvm-ce-java11-linux-aarch64-19.3.0.2.tar.gz	https://github.com/graalvm/graalvm-ce-builds/releases/download/vm-19.3.0.2/graalvm-ce-java11-linux-aarch64-19.3.0.2.tar.gz	c8d00d790e2d5097d0b669dc9eed9a0473118e5cca394a17091bfcecd1fd35f8
graalvm-19.3.1+java11	graalvm-ce-java11-linux-aarch64-19.3.1.tar.gz	https://github.com/graalvm/graalvm-ce-builds/releases/download/vm-19.3.1/graalvm-ce-java11-linux-aarch64-19.3.1.tar.gz	5c774ec6158ddf3c66488e6b6c6fe6db4e244f0eac08d2b48804cc2ec74845e0
graalvm-19.3.2+java11	graalvm-ce-java11-linux-aarch64-19.3.2.tar.gz	https://github.com/graalvm/graalvm-ce-builds/releases/download/vm-19.3.2/graalvm-ce-java11-linux-aarch64-19.3.2.tar.gz	b2f2b8e43002fc518ab778051c08e34c3e60d316f5a43a5df6ccde098c13bc0e
graalvm-19.3.3+java11	graalvm-ce-java11-linux-aarch64-19.3.3.tar.gz	https://github.com/graalvm/graalvm-ce-builds/releases/download/vm-19.3.3/graalvm-ce-java11-linux-aarch64-19.3.3.tar.gz	ac2d4e1cc55ee62a3867d67032819fbcf607fd997f0138c66ae3ccb386074f5a
graalvm-19.3.4+java11	graalvm-ce-java11-linux-aarch64-19.3.4.tar.gz	https://github.com/graalvm/graalvm-ce-builds/releases/download/vm-19.3.4/graalvm-ce-java11-linux-aarch64-19.3.4.tar.gz	89bec4e2505a1682722f91933fcf9f8f470d483693e11857b185370923509f95
graalvm-19.3.5+java11	graalvm-ce-java11-linux-aarch64-19.3.5.tar.gz	https://github.com/graalvm/graalvm-ce-builds/releases/download/vm-19.3.5/graalvm-ce-java11-linux-aarch64-19.3.5.tar.gz	b695ae9fc2118c16d5bc324c3fae55f875e9313c54b55f689bd3d37ca827b197
graalvm-20.0.0+java11	graalvm-ce-java11-linux-aarch64-20.0.0.tar.gz	https://github.com/graalvm/graalvm-ce-builds/releases/download/vm-20.0.0/graalvm-ce-java11-linux-aarch64-20.0.0.tar.gz	dd230410722d3a7ac25c1318adccddec3f5d85af92aef5906a8e2d755bb2168a
graalvm-20.1.0+java11	graalvm-ce-java11-linux-aarch64-20.1.0.tar.gz	https://github.com/graalvm/graalvm-ce-builds/releases/download/vm-20.1.0/graalvm-ce-java11-linux-aarch64-20.1.0.tar.gz	c548c89618841904187f8bbb8ceea531d7e0c0c2beddacb1c337121699208d72
graalvm-20.2.0+java11	graalvm-ce-java11-linux-aarch64-20.2.0.tar.gz	https://github.com/graalvm/graalvm-ce-builds/releases/download/vm-20.2.0/graalvm-ce-java11-linux-aarch64-20.2.0.tar.gz	eafc0a574dceb1f1a8f87fef733c7132b6ea3ff95caf832b4b5d7b47c24fb9f6
graalvm-20.3.0+java11	graalvm-ce-java11-linux-aarch64-20.3.0.tar.gz	https://github.com/graalvm/graalvm-ce-builds/releases/download/vm-20.3.0/graalvm-ce-java11-linux-aarch64-20.3.0.tar.gz	b9780dc70b2417166b02e8dfbc6001359c50a787f86b98a553f3bb2e46874d5f
graalvm-20.3.1+java11	graalvm-ce-java11-linux-aarch64-20.3.1.tar.gz	https://github.com/graalvm/graalvm-ce-builds/releases/download/vm-20.3.1/graalvm-ce-java11-linux-aarch64-20.3.1.tar.gz	41eb26e67674c03517b0036001957652e744403662a5b43fe9d99b5984d0b698
graalvm-21.0.0+java11	graalvm-ce-java11-linux-aarch64-21.0.0.tar.gz	https://github.com/graalvm/graalvm-ce-builds/releases/download/vm-21.0.0/graalvm-ce-java11-linux-aarch64-21.0.0.tar.gz	c223124390812cd3c7913d49d5659779b44bceae78c3de7e84f0d998f62aa903
liberica-1.8.0	bellsoft-jdk1.8.0-linux-arm64.tar.gz	https://github.com/bell-sw/Liberica/releases/download/8u192.all/bellsoft-jdk1.8.0-linux-arm64.tar.gz	b60b814cd3400d9dc2833a19d72d5db2493b2d010385cc2d3ad78156af179ee3
liberica-8u202	bellsoft-jdk8u202-linux-aarch64.tar.gz	https://github.com/bell-sw/Liberica/releases/download/8u202/bellsoft-jdk8u202-linux-aarch64.tar.gz	631eab758347e537fe3ed8670dcbced1abbe51fff233690852bb49761904d8c6
liberica-8u212	bellsoft-jdk8u212-linux-aarch64.tar.gz	https://github.com/bell-sw/Liberica/releases/download/8u212/bellsoft-jdk8u212-linux-aarch64.tar.gz	69f42de750f85cb4e0ce88436b46ea6b4491ed92f3121bb348b57c5745cd5022
liberica-8u222	bellsoft-jdk8u222-linux-aarch64.tar.gz	https://github.com/bell-sw/Liberica/releases/download/8u222/bellsoft-jdk8u222-linux-aarch64.tar.gz	a687b52be566d6de72ab395be5e3cbd700df0d9f214f0398eb84a5082c0d8720
liberica-8u232	bellsoft-jdk8u232-linux-aarch64.tar.gz	https://github.com/bell-sw/Liberica/releases/download/8u232/bellsoft-jdk8u232-linux-aarch64.tar.gz	b45b590848ea9c4ba0a41e69599109c2d837aa9aabe19d5e10fc40749a06379d
liberica-8u232+10	bellsoft-jdk8u232+10-linux-aarch64.tar.gz	https://github.com/bell-sw/Liberica/releases/download/8u232+10/bellsoft-jdk8u232+10-linux-aarch64.tar.gz	c1ff73b53d2aa6c64f633f9dba183adc419d658ae08b384b25f0562237133ced
liberica-8u242+7	bellsoft-jdk8u242+7-linux-aarch64.tar.gz	https://github.com/bell-sw/Liberica/releases/download/8u242+7/bellsoft-jdk8u242+7-linux-aarch64.tar.gz	8eea4dcbc8cd24bc2254a6e910a20cb4dab57c50805e4f06d35bdb794586c214
liberica-8u252+9	bellsoft-jdk8u252+9-linux-aarch64.tar.gz	https://github.com/bell-sw/Liberica/releases/download/8u252+9/bellsoft-jdk8u252+9-linux-aarch64.tar.gz	c139dbe9caac337d6dca8af771f1a78398a2cf98c0b4085e2131b431c0b63f30
liberica-8u262+10	bellsoft-jdk8u262+10-linux-aarch64.tar.gz	https://github.com/bell-sw/Liberica/releases/download/8u262+10/bellsoft-jdk8u262+10-linux-aarch64.tar.gz	8ef40df401a5de718583134ef5b844f5a22130dd80f5a992d5842d843597709b
liberica-8u265+1	bellsoft-jdk8u265+1-linux-aarch64.tar.gz	https://github.com/bell-sw/Liberica/releases/download/8u265+1/bellsoft-jdk8u265+1-linux-aarch64.tar.gz	67e438ae06326aa7ee6787f32476f72a3e0d234b08220eb5af47749ef9ab6e41
liberica-8u272+10	bellsoft-jdk8u272+10-linux-aarch64.tar.gz	https://github.com/bell-sw/Liberica/releases/download/8u272+10/bellsoft-jdk8u272+10-linux-aarch64.tar.gz	8e5777628a2a83228a943dcae0d5c41a4fdfd19d99273c4a6b101d6c3d357318
liberica-8u275+1	bellsoft-jdk8u275+1-linux-aarch64.tar.gz	https://github.com/bell-sw/Liberica/releases/download/8u275+1/bellsoft-jdk8u275+1-linux-aarch64.tar.gz	f69b1689dfbe7431a8af13a0b39e095e52cb952ecab1bee7d4088bdbae1bac0d
liberica-8u282+8	bellsoft-jdk8u282+8-linux-aarch64.tar.gz	https://github.com/bell-sw/Liberica/releases/download/8u282+8/bellsoft-jdk8u282+8-linux-aarch64.tar.gz	0c59dc62abc9ce097e98d5429e7cba6b735f83b36c9a6fabe351eb48dc2d33b2
liberica-10.0.2	bellsoft-jdk10.0.2-linux-aarch64.tar.gz	https://github.com/bell-sw/Liberica/releases/download/10.0.2.ARMv8/bellsoft-jdk10.0.2-linux-aarch64.tar.gz	b183213fc2b758e7f8ace36089744af504b761dcaa7cee7b30e4135cd407384f
liberica-11	bellsoft-jdk11-linux-aarch64.tar.gz	https://github.com/bell-sw/Liberica/releases/download/11/bellsoft-jdk11-linux-aarch64.tar.gz	424e62d99506c7101d496a4b4a6bc672781cb4314744f4914e173bbfc67098ae
liberica-11.0.1	bellsoft-jdk11.0.1-linux-aarch64.tar.gz	https://github.com/bell-sw/Liberica/releases/download/11.0.1/bellsoft-jdk11.0.1-linux-aarch64.tar.gz	14a3d41728c7e96e059c7b089a4a58727d95c84a0695eecbe1310c67d7928748
liberica-11.0.2	bellsoft-jdk11.0.2-linux-aarch64.tar.gz	https://github.com/bell-sw/Liberica/releases/download/11.0.2/bellsoft-jdk11.0.2-linux-aarch64.tar.gz	3ab8376175e283557634ee7b7bc5881e9db7141ff08bd56f48b7218226f0866c
liberica-11.0.3	bellsoft-jdk11.0.3-linux-aarch64.tar.gz	https://github.com/bell-sw/Liberica/releases/download/11.0.3/bellsoft-jdk11.0.3-linux-aarch64.tar.gz	dca226c095b1da6d3e88b426e48803be7eb82c40eccba2f0bec70aeec8631f38
liberica-11.0.4	bellsoft-jdk11.0.4-linux-aarch64.tar.gz	https://github.com/bell-sw/Liberica/releases/download/11.0.4/bellsoft-jdk11.0.4-linux-aarch64.tar.gz	b888ad0c76018212dc37d8493b3f79aa8591e8b1f2f332a24b571bc29ee8b690
liberica-11.0.5	bellsoft-jdk11.0.5-linux-aarch64.tar.gz	https://github.com/bell-sw/Liberica/releases/download/11.0.5/bellsoft-jdk11.0.5-linux-aarch64.tar.gz	b8fa7a646ac850059c6895ee6401ebc9ebd3c49a9c9f6462cf418c37169e46c5
liberica-11.0.5+11	bellsoft-jdk11.0.5+11-linux-aarch64.tar.gz	https://github.com/bell-sw/Liberica/releases/download/11.0.5+11/bellsoft-jdk11.0.5+11-linux-aarch64.tar.gz	9d55f81078310919e802cd95f8bbf9951eac6a3f96144505f0ce7867affc184c
liberica-11.0.6+10	bellsoft-jdk11.0.6+10-linux-aarch64.tar.gz	https://github.com/bell-sw/Liberica/releases/download/11.0.6+10/bellsoft-jdk11.0.6+10-linux-aarch64.tar.gz	2b9d5e45cbcc8d87646fb993e71d0523d05752d03409814a25b61ccbf1388404
liberica-11.0.7+10	bellsoft-jdk11.0.7+10-linux-aarch64.tar.gz	https://github.com/bell-sw/Liberica/releases/download/11.0.7+10/bellsoft-jdk11.0.7+10-linux-aarch64.tar.gz	81de891d10fb5119e8c9fa89bbbc9dd209b185bf30f25d8993c9bce700ffed32
liberica-11.0.8+10	bellsoft-jdk11.0.8+10-linux-aarch64.tar.gz	https://github.com/bell-sw/Liberica/releases/download/11.0.8+10/bellsoft-jdk11.0.8+10-linux-aarch64.tar.gz	576df8e85e5087fbd2fe3d1eb9a5c59db84507f412a647734a7358decac4c594
liberica-11.0.9+11	bellsoft-jdk11.0.9+11-linux-aarch64.tar.gz	https://github.com/bell-sw/Liberica/releases/download/11.0.9+11/bellsoft-jdk11.0.9+11-linux-aarch64.tar.gz	134aab66ef318803283903347a4d74d63411d25a8018f1ba62b1564c19d96b2d
liberica-11.0.9+12	bellsoft-jdk11.0.9+12-linux-aarch64.tar.gz	https://github.com/bell-sw/Liberica/releases/download/11.0.9+12/bellsoft-jdk11.0.9+12-linux-aarch64.tar.gz	b4755e7fc7fea15ef532c201f184a5b240f6190b270c840334a933176c4c4ee8
liberica-11.0.9.1+1	bellsoft-jdk11.0.9.1+1-linux-aarch64.tar.gz	https://github.com/bell-sw/Liberica/releases/download/11.0.9.1+1/bellsoft-jdk11.0.9.1+1-linux-aarch64.tar.gz	cf89b6d955cb66af73beb38de3d4fe004156fb3f7d10fa3237c5aac7e64be31f
liberica-11.0.10+9	bellsoft-jdk11.0.10+9-linux-aarch64.tar.gz	https://github.com/bell-sw/Liberica/releases/download/11.0.10+9/bellsoft-jdk11.0.10+9-linux-aarch64.tar.gz	8c397ef3fac5bdf656503c9c0e4b598550802293c8e36abfe2f755ce00b2b132
liberica-12	bellsoft-jdk12-linux-aarch64.tar.gz	https://github.com/bell-sw/Liberica/releases/download/12/bellsoft-jdk12-linux-aarch64.tar.gz	dc2518867fce72198e083b36be4dbd9055f2a9a7943ab1e04631c19d6af4e6e5
liberica-12.0.1	bellsoft-jdk12.0.1-linux-aarch64.tar.gz	https://github.com/bell-sw/Liberica/releases/download/12.0.1/bellsoft-jdk12.0.1-linux-aarch64.tar.gz	037177804b80177edcbab30c5612f0fc13e611f6d9287642c831f00b9b7fe188
liberica-12.0.2	bellsoft-jdk12.0.2-linux-aarch64.tar.gz	https://github.com/bell-sw/Liberica/releases/download/12.0.2/bellsoft-jdk12.0.2-linux-aarch64.tar.gz	57efb2646ca7337b1ec0dacfcaf04c54c451a5948deb856f994bbb2a02291059
liberica-13	bellsoft-jdk13-linux-aarch64.tar.gz	https://github.com/bell-sw/Liberica/releases/download/13/bellsoft-jdk13-linux-aarch64.tar.gz	b8aa13d638697a4112fb37932e5f928b0065133780e58b2b266add6a3fbafc0b
liberica-13.0.1	bellsoft-jdk13.0.1-linux-aarch64.tar.gz	https://github.com/bell-sw/Liberica/releases/download/13.0.1/bellsoft-jdk13.0.1-linux-aarch64.tar.gz	8043992c89cd4e9e9fbe5a03567a30ec6e7424b87d69f2322e6f31a2f40b1299
liberica-13.0.1+10	bellsoft-jdk13.0.1+10-linux-aarch64.tar.gz	https://github.com/bell-sw/Liberica/releases/download/13.0.1+10/bellsoft-jdk13.0.1+10-linux-aarch64.tar.gz	061ed4d46d7e54287f89a257919b54b97ecfc7cdb74d1e8ca00f468d130bd2a9
liberica-13.0.2+9	bellsoft-jdk13.0.2+9-linux-aarch64.tar.gz	https://github.com/bell-sw/Liberica/releases/download/13.0.2+9/bellsoft-jdk13.0.2+9-linux-aarch64.tar.gz	8b7d9a76af9439690a5465ba6d539133a53376e132714acd82b06234cf3de2b2
liberica-14+36	bellsoft-jdk14+36-linux-aarch64.tar.gz	https://github.com/bell-sw/Liberica/releases/download/14+36/bellsoft-jdk14+36-linux-aarch64.tar.gz	b63dc386a5cc3ef53d8db5bb6a8fae0f956a2c2621b39a15edb7726e9d7ff4c7
liberica-14.0.1+8	bellsoft-jdk14.0.1+8-linux-aarch64.tar.gz	https://github.com/bell-sw/Liberica/releases/download/14.0.1+8/bellsoft-jdk14.0.1+8-linux-aarch64.tar.gz	4075933836026cd97fcbb9707f26c479f04fe9309daf59a89d72c9d178d062e1
liberica-14.0.2+13	bellsoft-jdk14.0.2+13-linux-aarch64.tar.gz	https://github.com/bell-sw/Liberica/releases/download/14.0.2+13/bellsoft-jdk14.0.2+13-linux-aarch64.tar.gz	2360eb766e60909b0ac26d4a6debc291b040ec09160b5e27b75d0500778252ce
liberica-15+36	bellsoft-jdk15+36-linux-aarch64.tar.gz	https://github.com/bell-sw/Liberica/releases/download/15+36/bellsoft-jdk15+36-linux-aarch64.tar.gz	5e8751ead7d0ab561bb6359b9be65ac0fb3db3e561111b0606fbde7f60169e64
liberica-15.0.1+9	bellsoft-jdk15.0.1+9-linux-aarch64.tar.gz	https://github.com/bell-sw/Liberica/releases/download/15.0.1+9/bellsoft-jdk15.0.1+9-linux-aarch64.tar.gz	eeab09fb1b09fbf1e2ee8859d506c0e7ea9b780d0d015504b4a1e108f066ab45
liberica-15.0.2+8	bellsoft-jdk15.0.2+8-linux-aarch64.tar.gz	https://github.com/bell-sw/Liberica/releases/download/15.0.2+8/bellsoft-jdk15.0.2+8-linux-aarch64.tar.gz	ba22004ca624bc43936f4d854a2e08224521306696079ca7178e681f7c637281
liberica-15.0.2+10	bellsoft-jdk15.0.2+10-linux-aarch64.tar.gz	https://github.com/bell-sw/Liberica/releases/download/15.0.2+10/bellsoft-jdk15.0.2+10-linux-aarch64.tar.gz	254a52b5bb3a6bf96c7b8fc7f278baa6e6f6bb61e0e4ae863b47897f6e1a6768
liberica-javafx-11.0.8+10	bellsoft-jdk11.0.8+10-linux-aarch64-full.tar.gz	https://github.com/bell-sw/Liberica/releases/download/11.0.8+10/bellsoft-jdk11.0.8+10-linux-aarch64-full.tar.gz	3ffbb89ca09f1e85012a193cc9de574c587f9136fbbe4c078ac11e3dcc07aaca
liberica-javafx-11.0.9+11	bellsoft-jdk11.0.9+11-linux-aarch64-full.tar.gz	https://github.com/bell-sw/Liberica/releases/download/11.0.9+11/bellsoft-jdk11.0.9+11-linux-aarch64-full.tar.gz	829b1369ed26c30a26192815a78b599f7f5fce05fed7864a2b911702286b8969
liberica-javafx-11.0.9+12	bellsoft-jdk11.0.9+12-linux-aarch64-full.tar.gz	https://github.com/bell-sw/Liberica/releases/download/11.0.9+12/bellsoft-jdk11.0.9+12-linux-aarch64-full.tar.gz	53ff92af01bcdc9115bdb4cc979263b35418b3e89487da2896b4c65d21e36bf0
liberica-javafx-11.0.9.1+1	bellsoft-jdk11.0.9.1+1-linux-aarch64-full.tar.gz	https://github.com/bell-sw/Liberica/releases/download/11.0.9.1+1/bellsoft-jdk11.0.9.1+1-linux-aarch64-full.tar.gz	a3e999184cff08544c223a1d7e980e24a7e05a6acf12e4fc8db24e0f03a71871
liberica-javafx-11.0.10+9	bellsoft-jdk11.0.10+9-linux-aarch64-full.tar.gz	https://github.com/bell-sw/Liberica/releases/download/11.0.10+9/bellsoft-jdk11.0.10+9-linux-aarch64-full.tar.gz	bd82a61921b9d0a320c40012a2a1cc9f2a11a2a8513e338b04c0418fba18beaf
liberica-javafx-13.0.2+9	bellsoft-jdk13.0.2+9-linux-aarch64-full.tar.gz	https://github.com/bell-sw/Liberica/releases/download/13.0.2+9/bellsoft-jdk13.0.2+9-linux-aarch64-full.tar.gz	7568d8af1f1281710b29e0629bf945d67d4e9b78174a217f87a2ff21cd979189
liberica-javafx-14+36	bellsoft-jdk14+36-linux-aarch64-full.tar.gz	https://github.com/bell-sw/Liberica/releases/download/14+36/bellsoft-jdk14+36-linux-aarch64-full.tar.gz	c2d38e69ff66b913a3e0f62eab6fee37a791d381f5aba8c0e4405b0a50d8be4e
liberica-javafx-14.0.1+8	bellsoft-jdk14.0.1+8-linux-aarch64-full.tar.gz	https://github.com/bell-sw/Liberica/releases/download/14.0.1+8/bellsoft-jdk14.0.1+8-linux-aarch64-full.tar.gz	95443ca9633a97ba192143d2da2e5756da38c5e76db2122aa3ec3686a65f62e3
liberica-javafx-14.0.2+13	bellsoft-jdk14.0.2+13-linux-aarch64-full.tar.gz	https://github.com/bell-sw/Liberica/releases/download/14.0.2+13/bellsoft-jdk14.0.2+13-linux-aarch64-full.tar.gz	449d13bb1f05ccf39dcea2924e1b3993799ccd44ec328acc3ee4f3b9f3568ae7
liberica-javafx-15+36	bellsoft-jdk15+36-linux-aarch64-full.tar.gz	https://github.com/bell-sw/Liberica/releases/download/15+36/bellsoft-jdk15+36-linux-aarch64-full.tar.gz	3ededeff759144e3eeace0142c3e023deec00553648a5928fd7d8d35afd9a296
liberica-javafx-15.0.1+9	bellsoft-jdk15.0.1+9-linux-aarch64-full.tar.gz	https://github.com/bell-sw/Liberica/releases/download/15.0.1+9/bellsoft-jdk15.0.1+9-linux-aarch64-full.tar.gz	4ee2e543ae329f251be30905861f5a0957d13ba19d8cee026c55d95da6171bf2
liberica-javafx-15.0.2+8	bellsoft-jdk15.0.2+8-linux-aarch64-full.tar.gz	https://github.com/bell-sw/Liberica/releases/download/15.0.2+8/bellsoft-jdk15.0.2+8-linux-aarch64-full.tar.gz	2a299246a2922ef9b5bbed507af1577d23197f1f1ca6cdaa5457f66720cf6d48
liberica-javafx-15.0.2+10	bellsoft-jdk15.0.2+10-linux-aarch64-full.tar.gz	https://github.com/bell-sw/Liberica/releases/download/15.0.2+10/bellsoft-jdk15.0.2+10-linux-aarch64-full.tar.gz	6cd9c636438e3e108577457cdceb645f86e3809d64f2ed188f26fb790dfccb4d
liberica-lite-11	bellsoft-jdk11-linux-aarch64-lite.tar.gz	https://github.com/bell-sw/Liberica/releases/download/11/bellsoft-jdk11-linux-aarch64-lite.tar.gz	bf12d58ba6e3a2ef3b9727a784c34348f7c86fa1593f856ccf06a723bbfdafeb
liberica-lite-11.0.1	bellsoft-jdk11.0.1-linux-aarch64-lite.tar.gz	https://github.com/bell-sw/Liberica/releases/download/11.0.1/bellsoft-jdk11.0.1-linux-aarch64-lite.tar.gz	7f354889950fea7c7dcebfc9bfe37a6f623b62d7db097fbd712011bbae407058
liberica-lite-11.0.2	bellsoft-jdk11.0.2-linux-aarch64-lite.tar.gz	https://github.com/bell-sw/Liberica/releases/download/11.0.2/bellsoft-jdk11.0.2-linux-aarch64-lite.tar.gz	e2a46d2fbdb27bf0cf2891c9779505ce3bcdd09b4205c1609bff2caa6b82aa33
liberica-lite-11.0.3	bellsoft-jdk11.0.3-linux-aarch64-lite.tar.gz	https://github.com/bell-sw/Liberica/releases/download/11.0.3/bellsoft-jdk11.0.3-linux-aarch64-lite.tar.gz	b0d598214b7ee306de517babc5cfe943a0d7a309e450e141b0df2c55b5472fe0
liberica-lite-11.0.4	bellsoft-jdk11.0.4-linux-aarch64-lite.tar.gz	https://github.com/bell-sw/Liberica/releases/download/11.0.4/bellsoft-jdk11.0.4-linux-aarch64-lite.tar.gz	8972782b0e4400f112d64348c196af10e09d3bff8aa4f1ae16c9fa1b9c9b0dd6
liberica-lite-11.0.5	bellsoft-jdk11.0.5-linux-aarch64-lite.tar.gz	https://github.com/bell-sw/Liberica/releases/download/11.0.5/bellsoft-jdk11.0.5-linux-aarch64-lite.tar.gz	472d037d9e288b13a68f0ac984b25cd0cce7dad2efea93fbad0edd152ecc45ee
liberica-lite-11.0.5+11	bellsoft-jdk11.0.5+11-linux-aarch64-lite.tar.gz	https://github.com/bell-sw/Liberica/releases/download/11.0.5+11/bellsoft-jdk11.0.5+11-linux-aarch64-lite.tar.gz	bc114c4b6043bac7ef79f9d19c1da2a324cb312ac8f7cd9aad5e6e16e9635c14
liberica-lite-11.0.6+10	bellsoft-jdk11.0.6+10-linux-aarch64-lite.tar.gz	https://github.com/bell-sw/Liberica/releases/download/11.0.6+10/bellsoft-jdk11.0.6+10-linux-aarch64-lite.tar.gz	0f8fef57927a1581972a81512c7d7bd28469a23bb2d616bee318180177b1822b
liberica-lite-11.0.7+10	bellsoft-jdk11.0.7+10-linux-aarch64-lite.tar.gz	https://github.com/bell-sw/Liberica/releases/download/11.0.7+10/bellsoft-jdk11.0.7+10-linux-aarch64-lite.tar.gz	1faac9ace07a6f30eb228ad85c28a0db7e6d0df0b58400d0048c5d4f5aeeaf54
liberica-lite-11.0.8+10	bellsoft-jdk11.0.8+10-linux-aarch64-lite.tar.gz	https://github.com/bell-sw/Liberica/releases/download/11.0.8+10/bellsoft-jdk11.0.8+10-linux-aarch64-lite.tar.gz	a80c7180becca186e4a394f95394fa29a4ca8ff9ab55434716c9718dddb38f63
liberica-lite-11.0.9+11	bellsoft-jdk11.0.9+11-linux-aarch64-lite.tar.gz	https://github.com/bell-sw/Liberica/releases/download/11.0.9+11/bellsoft-jdk11.0.9+11-linux-aarch64-lite.tar.gz	77e490ce70def1334db06d0eaa059ed305ad76bea04e791c434fc820e2196db5
liberica-lite-11.0.9+12	bellsoft-jdk11.0.9+12-linux-aarch64-lite.tar.gz	https://github.com/bell-sw/Liberica/releases/download/11.0.9+12/bellsoft-jdk11.0.9+12-linux-aarch64-lite.tar.gz	5769cdaf9290727387960e10160284257e7e0fe7e10712807ddb76885e9e68c6
liberica-lite-11.0.9.1+1	bellsoft-jdk11.0.9.1+1-linux-aarch64-lite.tar.gz	https://github.com/bell-sw/Liberica/releases/download/11.0.9.1+1/bellsoft-jdk11.0.9.1+1-linux-aarch64-lite.tar.gz	fe0b90ac48303eb8e5a02d54ba55b1cfbc2e4113a99ab0c8bc37fffd004342bf
liberica-lite-11.0.10+9	bellsoft-jdk11.0.10+9-linux-aarch64-lite.tar.gz	https://github.com/bell-sw/Liberica/releases/download/11.0.10+9/bellsoft-jdk11.0.10+9-linux-aarch64-lite.tar.gz	77c7af2202ead7926c0fe659d0cab4b59b4ade1c7ff545eb0a06fad784379351
liberica-lite-12	bellsoft-jdk12-linux-aarch64-lite.tar.gz	https://github.com/bell-sw/Liberica/releases/download/12/bellsoft-jdk12-linux-aarch64-lite.tar.gz	afdc22765f0d83c55e47d3dd891ccd6f480d652e236e25d02f21a54c8b008ff8
liberica-lite-12.0.1	bellsoft-jdk12.0.1-linux-aarch64-lite.tar.gz	https://github.com/bell-sw/Liberica/releases/download/12.0.1/bellsoft-jdk12.0.1-linux-aarch64-lite.tar.gz	158308ab14f49fbb6404a760c0f9db086f32ca9adf01f618ba74bda5c6e8c85b
liberica-lite-12.0.2	bellsoft-jdk12.0.2-linux-aarch64-lite.tar.gz	https://github.com/bell-sw/Liberica/releases/download/12.0.2/bellsoft-jdk12.0.2-linux-aarch64-lite.tar.gz	f9876101d9a52711662d933afb3a9a544963656383fc1a5533f7996f0b81f7fd
liberica-lite-13	bellsoft-jdk13-linux-aarch64-lite.tar.gz	https://github.com/bell-sw/Liberica/releases/download/13/bellsoft-jdk13-linux-aarch64-lite.tar.gz	7b38ceea0ee25beb822ede38a6ec99aa1955eb75c47f1504fa1af2650fd6478d
liberica-lite-13.0.1	bellsoft-jdk13.0.1-linux-aarch64-lite.tar.gz	https://github.com/bell-sw/Liberica/releases/download/13.0.1/bellsoft-jdk13.0.1-linux-aarch64-lite.tar.gz	a8a91474769b920a71bd99c94ce1c70d103e7221989057f19ed2d8b6d2aa90cb
liberica-lite-13.0.1+10	bellsoft-jdk13.0.1+10-linux-aarch64-lite.tar.gz	https://github.com/bell-sw/Liberica/releases/download/13.0.1+10/bellsoft-jdk13.0.1+10-linux-aarch64-lite.tar.gz	77b77278772e3f2df4c40ebe72d94d050762bbfb9b8fdad82d5fe41c9f1739b4
liberica-lite-13.0.2+9	bellsoft-jdk13.0.2+9-linux-aarch64-lite.tar.gz	https://github.com/bell-sw/Liberica/releases/download/13.0.2+9/bellsoft-jdk13.0.2+9-linux-aarch64-lite.tar.gz	36348b7464be9e28f5ccbca931480461b4f9d536c4d8322c17c4cfe9c64f4ce3
liberica-lite-14+36	bellsoft-jdk14+36-linux-aarch64-lite.tar.gz	https://github.com/bell-sw/Liberica/releases/download/14+36/bellsoft-jdk14+36-linux-aarch64-lite.tar.gz	b1d1621ced6ae5b3160b4b4dc5189fb7a6315b92a244b4c3286e204f3c694e8d
liberica-lite-14.0.1+8	bellsoft-jdk14.0.1+8-linux-aarch64-lite.tar.gz	https://github.com/bell-sw/Liberica/releases/download/14.0.1+8/bellsoft-jdk14.0.1+8-linux-aarch64-lite.tar.gz	4929dde75f91676c6838c69c29693b2448bae6fad757f481adb79cb40c4b6930
liberica-lite-14.0.2+13	bellsoft-jdk14.0.2+13-linux-aarch64-lite.tar.gz	https://github.com/bell-sw/Liberica/releases/download/14.0.2+13/bellsoft-jdk14.0.2+13-linux-aarch64-lite.tar.gz	8600dda2181c1e24e94705f8d964b797f5d8d364e204d22c9f9497417aed4a4c
liberica-lite-15+36	bellsoft-jdk15+36-linux-aarch64-lite.tar.gz	https://github.com/bell-sw/Liberica/releases/download/15+36/bellsoft-jdk15+36-linux-aarch64-lite.tar.gz	a2303b53fad0225de41278459534411a71f72c25a982d1554aa63c9593bdc94f
liberica-lite-15.0.1+9	bellsoft-jdk15.0.1+9-linux-aarch64-lite.tar.gz	https://github.com/bell-sw/Liberica/releases/download/15.0.1+9/bellsoft-jdk15.0.1+9-linux-aarch64-lite.tar.gz	8ca088dd9d2a2da1bf47f426ee9ae5534e2dbffb125e5ed9afcc52067c693e8a
liberica-lite-15.0.2+8	bellsoft-jdk15.0.2+8-linux-aarch64-lite.tar.gz	https://github.com/bell-sw/Liberica/releases/download/15.0.2+8/bellsoft-jdk15.0.2+8-linux-aarch64-lite.tar.gz	e92f549415c7f00d49c369a82fd55b054d5a095c5b7078889037eb5fbfd0f044
liberica-lite-15.0.2+10	bellsoft-jdk15.0.2+10-linux-aarch64-lite.tar.gz	https://github.com/bell-sw/Liberica/releases/download/15.0.2+10/bellsoft-jdk15.0.2+10-linux-aarch64-lite.tar.gz	8f6b1c3bdfd281d7a12f5c925a65acf9d6cfadd24436b847409a963161fd6f6f
liberica-lite-musl-11.0.10+9	bellsoft-jdk11.0.10+9-linux-aarch64-musl-lite.tar.gz	https://github.com/bell-sw/Liberica/releases/download/11.0.10+9/bellsoft-jdk11.0.10+9-linux-aarch64-musl-lite.tar.gz	8be4578843c018058a2ac86ae195a2f422f3fc9d154a9860cb8af13393b13673
liberica-lite-musl-15.0.2+8	bellsoft-jdk15.0.2+8-linux-aarch64-musl-lite.tar.gz	https://github.com/bell-sw/Liberica/releases/download/15.0.2+8/bellsoft-jdk15.0.2+8-linux-aarch64-musl-lite.tar.gz	2375b3cfbf558daf8daf0c53450aecf7fe24ce985b2841c1dd04d38f809d201c
liberica-lite-musl-15.0.2+10	bellsoft-jdk15.0.2+10-linux-aarch64-musl-lite.tar.gz	https://github.com/bell-sw/Liberica/releases/download/15.0.2+10/bellsoft-jdk15.0.2+10-linux-aarch64-musl-lite.tar.gz	acfaf432864b2790e83fbaa16c763c65a1c9e4167fcfde618e6cb0b50bc9e657
liberica-musl-8u282+8	bellsoft-jdk8u282+8-linux-aarch64-musl.tar.gz	https://github.com/bell-sw/Liberica/releases/download/8u282+8/bellsoft-jdk8u282+8-linux-aarch64-musl.tar.gz	64bb8d02647f7546867c23cf3fc2eb8f562f74fd76a2c43a836d564b9ff73640
liberica-musl-11.0.10+9	bellsoft-jdk11.0.10+9-linux-aarch64-musl.tar.gz	https://github.com/bell-sw/Liberica/releases/download/11.0.10+9/bellsoft-jdk11.0.10+9-linux-aarch64-musl.tar.gz	8775008c7b44b552472e5ff61ed4453ddbf4b6688f467c3fbe924d4301a40983
liberica-musl-15.0.2+8	bellsoft-jdk15.0.2+8-linux-aarch64-musl.tar.gz	https://github.com/bell-sw/Liberica/releases/download/15.0.2+8/bellsoft-jdk15.0.2+8-linux-aarch64-musl.tar.gz	058f2eefb62c1c5ac54c13e78a73f91e5499d6c504678c92bb0b85381505f5b0
liberica-musl-15.0.2+10	bellsoft-jdk15.0.2+10-linux-aarch64-musl.tar.gz	https://github.com/bell-sw/Liberica/releases/download/15.0.2+10/bellsoft-jdk15.0.2+10-linux-aarch64-musl.tar.gz	28a095e84fe5aa3cdd037eaaa5551c2fdd37ec0e56c62bddbd68bd7431851ec6
openjdk-15	openjdk-15_linux-aarch64_bin.tar.gz	https://download.java.net/java/GA/jdk15/779bf45e88a44cbd9ea6621d33e33db1/36/GPL/openjdk-15_linux-aarch64_bin.tar.gz	01e7e07dd8a67a65b32fdcaff75ba3f21cd9cfc749287e7c9b1c6037f96a3537
openjdk-15.0.1	openjdk-15.0.1_linux-aarch64_bin.tar.gz	https://download.java.net/java/GA/jdk15.0.1/51f4f36ad4ef43e39d0dfdbaf6549e32/9/GPL/openjdk-15.0.1_linux-aarch64_bin.tar.gz	6a62b7ec065280bad978a3322733a089153dec5ebf5ba81fd2fa361382dbc7b0
openjdk-15.0.2	openjdk-15.0.2_linux-aarch64_bin.tar.gz	https://download.java.net/java/GA/jdk15.0.2/0d1cfde4252546c6931946de8db48ee2/7/GPL/openjdk-15.0.2_linux-aarch64_bin.tar.gz	3958f01858f9290c48c23e7804a0af3624e8eca6749b085c425df4c4f2f7dcbc
openjdk-16	openjdk-16_linux-aarch64_bin.tar.gz	https://download.java.net/java/GA/jdk16/7863447f0ab643c585b9bdebf67c69db/35/GPL/openjdk-16_linux-aarch64_bin.tar.gz	5afe8561d1c6f777bf0f70bf5d994187ff607b8c4c6ff1194f849a0bb933d805
sapmachine-11.0.9-beta	sapmachine-jdk-11.0.9-beta_linux-aarch64_bin.tar.gz	https://github.com/SAP/SapMachine/releases/download/sapmachine-11.0.9/sapmachine-jdk-11.0.9-beta_linux-aarch64_bin.tar.gz	32221ec9e082e899fb47c97864bc3c8604e5add89738523b23fac04102332579
sapmachine-11.0.9.1-beta	sapmachine-jdk-11.0.9.1-beta_linux-aarch64_bin.tar.gz	https://github.com/SAP/SapMachine/releases/download/sapmachine-11.0.9.1/sapmachine-jdk-11.0.9.1-beta_linux-aarch64_bin.tar.gz	c7c5edc71dc2edd7d7aaca21f19af318a23667b7245ddc535551ebeae8322923
sapmachine-11.0.10-beta	sapmachine-jdk-11.0.10-beta_linux-aarch64_bin.tar.gz	https://github.com/SAP/SapMachine/releases/download/sapmachine-11.0.10/sapmachine-jdk-11.0.10-beta_linux-aarch64_bin.tar.gz	f6798cdd2381297c22a632997eae79ff9d8d312ccdb0229e7dc0dc2968abbb7d
sapmachine-15-beta	sapmachine-jdk-15-beta_linux-aarch64_bin.tar.gz	https://github.com/SAP/SapMachine/releases/download/sapmachine-15/sapmachine-jdk-15-beta_linux-aarch64_bin.tar.gz	337f4c5653fa0ef09c29b2268a5cc0443b5bf73130bc76818fdcc7c15d752dd2
sapmachine-15.0.1-beta	sapmachine-jdk-15.0.1-beta_linux-aarch64_bin.tar.gz	https://github.com/SAP/SapMachine/releases/download/sapmachine-15.0.1/sapmachine-jdk-15.0.1-beta_linux-aarch64_bin.tar.gz	18d92316c41b75e8157d669ec55b48abd56fe4da53a5d6435fe9d9fd344ca3bc
sapmachine-15.0.2-beta	sapmachine-jdk-15.0.2-beta_linux-aarch64_bin.tar.gz	https://github.com/SAP/SapMachine/releases/download/sapmachine-15.0.2/sapmachine-jdk-15.0.2-beta_linux-aarch64_bin.tar.gz	56e8fcb46ddccf9becd3e935ccb1a1f7cb23b537c836285600813649d895de71
